detail_id,applicant_id,first_name,last_name,application_role,cv_path,date_of_birth,address,phone_number
1,20,ARI3L,h3rfri50n,Software Developer,data/INFORMATION-TECHNOLOGY/15118506.pdf,2004-04-28,"Jl. Salak No. 31, Pontianak",082123987654
2,27,f4RH4N,NAFIS,Financial Planner,data/FINANCE/12858898.pdf,2004-03-03,"Jl. Tanjung No. 13, Palu",081267891234
3,74,1KHWAN,4lH4KIM,,data/CHEF/11121498.pdf,2003-09-20,"Jl. Tanjung No. 15, Tanjungpinang",082123456781
4,13,4riel,Herfris0n,Aviation Mechanic,data/AVIATION/11169163.pdf,2003-11-23,"Jl. Mangga No. 55, Tangerang",081276543219
5,42,RAD3N,FRANC15CO,Sales Consultant,data/SALES/15273850.pdf,2004-06-13,"Jl. Kamboja No. 23, Pontianak",082145637291
6,19,Arie1,HERFRISON,Reconciliation Officer,data/ACCOUNTANT/12065211.pdf,2004-02-03,"Jl. Jambu No. 20, Balikpapan",081256789123
7,34,H41k4L,Assyauqi,Content Creator,data/DIGITAL-MEDIA/15353911.pdf,2003-09-14,"Jl. Pepaya No. 77, Cianjur",082198772112
8,36,H41K4L,455YAUQ1,,data/CONSTRUCTION/12839152.pdf,2004-03-30,"Jl. Srikaya No. 34, Pangkalpinang",082187654321
9,2,MOH4MM4D,NUGR4H4,Site Supervisor,data/CONSTRUCTION/10820510.pdf,2004-03-22,"Jl. Melati No. 45, Bandung",082123456781
10,73,IkHwan,AlHak1m,Public Affairs Specialist,data/PUBLIC-RELATIONS/11624880.pdf,2004-03-18,"Jl. Mahoni No. 44, Binjai",081212398765
11,3,M0hammad,Nugr4h4,Software Developer,data/INFORMATION-TECHNOLOGY/10553553.pdf,2003-11-05,"Jl. Cemara No. 7, Surabaya",081345678912
12,33,Haikal,Assy4uqi,Cost Accountant,data/FINANCE/12071138.pdf,2003-12-03,"Jl. Nanas No. 33, Tegal",081267845129
13,74,1KHWAN,4lH4KIM,Anesthesiologist,data/HEALTHCARE/10466208.pdf,2003-09-20,"Jl. Tanjung No. 15, Tanjungpinang",082123456781
14,71,1khw4n,4lH4k1m,Process Associate,data/BPO/38707449.pdf,2003-06-06,"Jl. Kenari No. 23, Pariaman",081223456789
15,11,Ari3l,H3rfri50n,Lead Generation Specialist,data/BUSINESS-DEVELOPMENT/12814706.pdf,2004-03-14,"Jl. Jeruk No. 2, Bekasi",081223498761
16,71,1khw4n,4lH4k1m,Illustrator,data/ARTS/16244633.pdf,2003-06-06,"Jl. Kenari No. 23, Pariaman",081223456789
17,55,4l4nd,muli4,,data/ADVOCATE/12544735.pdf,2003-09-29,"Jl. Pinang No. 99, Bangkalan",081223334455
18,59,ALaNd,MuLiA,Pilot,data/AVIATION/10189110.pdf,2003-02-26,"Jl. Tomat No. 3, Ambon",081245677899
19,71,1khw4n,4lH4k1m,Soil Scientist,data/AGRICULTURE/17312146.pdf,2003-06-06,"Jl. Kenari No. 23, Pariaman",081223456789
20,6,MoH4mM4d,NugR4h4,Retail Banker,data/BANKING/11842348.pdf,2003-12-30,"Jl. Anggrek No. 18, Medan",082143256789
21,49,r4d3n,Francisco,Legal Researcher,data/ADVOCATE/13967854.pdf,2004-02-23,"Jl. Duku No. 70, Serang",081288899900
22,60,Aland,MuL1A,,data/TEACHER/15850434.pdf,2003-11-11,"Jl. Rambutan No. 67, Bau-Bau",082165432198
23,74,1KHWAN,4lH4KIM,Aircraft Maintenance Engineer,data/AVIATION/12043694.pdf,2003-09-20,"Jl. Tanjung No. 15, Tanjungpinang",082123456781
24,25,f4rhan,naf15,Bank Manager,data/BANKING/15553584.pdf,2003-04-17,"Jl. Teratai No. 5, Tasikmalaya",081233221234
25,18,Ari3L,HerfR150n,Intellectual Property Attorney,data/ADVOCATE/11773767.pdf,2003-10-06,"Jl. Kedondong No. 70, Solo",082198123456
26,23,F4rH4n,Nafis,IT Consultant,data/CONSULTANT/12897903.pdf,2003-08-09,"Jl. Lili No. 7, Madiun",081267898712
27,24,Farh4n,N4FIS,Art Director,data/ARTS/11187796.pdf,2004-01-30,"Jl. Anyelir No. 1, Kediri",082134987621
28,62,AHMAD,RAFI,Legal Advisor,data/ADVOCATE/11963737.pdf,2004-04-19,"Jl. Pinus No. 21, Mataram",082176543210
29,47,RaD3n,FrAnC1sco,Crisis Manager,data/PUBLIC-RELATIONS/11902276.pdf,2003-11-19,"Jl. Apel No. 13, Lhokseumawe",081212343434
30,38,Ha1KaL,Assy4UqI,Press Secretary,data/PUBLIC-RELATIONS/11850315.pdf,2003-06-28,"Jl. Jati No. 6, Magelang",082167849512
31,30,FARH4N,NAFIS,Account Executive,data/BUSINESS-DEVELOPMENT/10704573.pdf,2003-09-28,"Jl. Flamboyan No. 5, Banjarmasin",082133344455
32,33,Haikal,Assy4uqi,Banquet Chef,data/CHEF/13212436.pdf,2003-12-03,"Jl. Nanas No. 33, Tegal",081267845129
33,40,HA1KAL,455y4UQ1,Tax Consultant,data/FINANCE/15891494.pdf,2003-02-18,"Jl. Kapuk No. 4, Probolinggo",082145612378
34,4,Mohammad,NUGR4H4,Financial Consultant,data/CONSULTANT/11333660.pdf,2004-01-17,"Jl. Sakura No. 4, Semarang",082134567892
35,48,RaDen,FrAnC1SCo,Customer Support Executive,data/BPO/13964744.pdf,2003-03-09,"Jl. Pisang No. 7, Sibolga",082199998877
36,69,Ahmad,RAFI,Public Affairs Specialist,data/PUBLIC-RELATIONS/12191094.pdf,2003-10-10,"Jl. Cemara No. 77, Lubuklinggau",081298765411
37,77,1kHw4N,4lHaKIM,Retail Banker,data/BANKING/13173522.pdf,2003-07-23,"Jl. Singkong No. 9, Prabumulih",081245678912
38,35,ha1k4l,455yauqi,Teaching Assistant,data/TEACHER/12587973.pdf,2003-01-01,"Jl. Sawo No. 21, Banjar",081212121212
39,65,Ahm4d,r4f1,QA Engineer,data/INFORMATION-TECHNOLOGY/11580408.pdf,2004-02-12,"Jl. Meranti No. 18, Tidore",081233498765
40,65,Ahm4d,r4f1,Corporate Counsel,data/ADVOCATE/11188218.pdf,2004-02-12,"Jl. Meranti No. 18, Tidore",081233498765
41,63,AhM4d,R4fi,Criminal Lawyer,data/ADVOCATE/10344379.pdf,2003-08-28,"Jl. Rambutan No. 17, Kupang",081278765432
42,57,4L4ND,MUL1A,,data/BPO/24727739.pdf,2004-01-14,"Jl. Durian No. 15, Ternate",081256789456
43,48,RaDen,FrAnC1SCo,Customer Support Executive,data/BPO/13964744.pdf,2003-03-09,"Jl. Pisang No. 7, Sibolga",082199998877
44,27,f4RH4N,NAFIS,BPO Trainer,data/BPO/26829350.pdf,2004-03-03,"Jl. Tanjung No. 13, Palu",081267891234
45,59,ALaNd,MuLiA,Graphic Designer,data/DESIGNER/10748989.pdf,2003-02-26,"Jl. Tomat No. 3, Ambon",081245677899
46,26,F4RH4N,N4F15,Fashion Designer,data/DESIGNER/13557622.pdf,2003-10-25,"Jl. Dahlia No. 44, Manado",082198726154
47,80,1KHw4N,4LHAKIM,Garde Manger,data/CHEF/11209758.pdf,2004-01-19,"Jl. Mangga No. 60, Padang Panjang",082166655544
48,71,1khw4n,4lH4k1m,Agricultural Engineer,data/AGRICULTURE/18242317.pdf,2003-06-06,"Jl. Kenari No. 23, Pariaman",081223456789
49,48,RaDen,FrAnC1SCo,,data/INFORMATION-TECHNOLOGY/12045067.pdf,2003-03-09,"Jl. Pisang No. 7, Sibolga",082199998877
50,52,AL4ND,MUL1A,,data/HEALTHCARE/14667957.pdf,2003-10-21,"Jl. Waru No. 8, Salatiga",082134556677
51,31,H41k4l,455y4uq1,Ramp Agent,data/AVIATION/12144825.pdf,2003-05-15,"Jl. Alpukat No. 13, Surakarta",081222334455
52,65,Ahm4d,r4f1,Systems Engineer,data/ENGINEERING/11890896.pdf,2004-02-12,"Jl. Meranti No. 18, Tidore",081233498765
53,23,F4rH4n,Nafis,Quality Control Inspector,data/AUTOMOBILE/15210069.pdf,2003-08-09,"Jl. Lili No. 7, Madiun",081267898712
54,40,HA1KAL,455y4UQ1,,data/APPAREL/12122372.pdf,2003-02-18,"Jl. Kapuk No. 4, Probolinggo",082145612378
55,6,MoH4mM4d,NugR4h4,Fabric Researcher,data/APPAREL/14698557.pdf,2003-12-30,"Jl. Anggrek No. 18, Medan",082143256789
56,12,AR13L,H3RFR1S0N,Teaching Assistant,data/TEACHER/15899269.pdf,2003-08-03,"Jl. Sawo No. 11, Depok",082154321789
57,80,1KHw4N,4LHAKIM,Doctor,data/HEALTHCARE/10568183.pdf,2004-01-19,"Jl. Mangga No. 60, Padang Panjang",082166655544
58,52,AL4ND,MUL1A,Packaging Designer,data/DESIGNER/11919526.pdf,2003-10-21,"Jl. Waru No. 8, Salatiga",082134556677
59,64,4Hmad,RAFI,Art Teacher,data/ARTS/16962067.pdf,2003-07-04,"Jl. Flamboyan No. 34, Tual",082134598721
60,56,AlaNd,MuL14,Financial Consultant,data/CONSULTANT/11835339.pdf,2004-03-20,"Jl. Pisang No. 4, Singkawang",082122223456
61,6,MoH4mM4d,NugR4h4,,data/TEACHER/16210888.pdf,2003-12-30,"Jl. Anggrek No. 18, Medan",082143256789
62,56,AlaNd,MuL14,Inside Sales Representative,data/SALES/10898339.pdf,2004-03-20,"Jl. Pisang No. 4, Singkawang",082122223456
63,14,AR1EL,H3RFR1S0N,Environmental Engineer,data/ENGINEERING/10712803.pdf,2003-02-09,"Jl. Rambutan No. 88, Bogor",082199876543
64,76,1khwan,4lh4k1m,Quality Control Inspector,data/AUTOMOBILE/22946204.pdf,2003-01-12,"Jl. Bayam No. 11, Pangkalpinang",082154321987
65,50,R4d3N,FRANCISCO,Compensation Analyst,data/HR/15041689.pdf,2003-08-08,"Jl. Cempaka No. 6, Tarakan",082122456789
66,49,r4d3n,Francisco,,data/ADVOCATE/13967854.pdf,2004-02-23,"Jl. Duku No. 70, Serang",081288899900
67,55,4l4nd,muli4,Safety Officer,data/CONSTRUCTION/10100240.pdf,2003-09-29,"Jl. Pinang No. 99, Bangkalan",081223334455
68,72,IKHW4N,ALH4KIM,Team Leader,data/BPO/31064969.pdf,2003-10-25,"Jl. Delima No. 2, Tebing Tinggi",082167891234
69,40,HA1KAL,455y4UQ1,Safety Officer,data/CONSTRUCTION/10281555.pdf,2003-02-18,"Jl. Kapuk No. 4, Probolinggo",082145612378
70,24,Farh4n,N4FIS,Speechwriter,data/PUBLIC-RELATIONS/12920612.pdf,2004-01-30,"Jl. Anyelir No. 1, Kediri",082134987621
71,48,RaDen,FrAnC1SCo,Cloud Architect,data/INFORMATION-TECHNOLOGY/13385306.pdf,2003-03-09,"Jl. Pisang No. 7, Sibolga",082199998877
72,70,4HMAD,r4f1,3D Modeler,data/DESIGNER/10466583.pdf,2004-01-01,"Jl. Apel No. 89, Subulussalam",082134672298
73,79,IKHWAN,Alh4k1M,,data/FINANCE/14722634.pdf,2003-03-27,"Jl. Nangka No. 14, Solok",081277788899
74,80,1KHw4N,4LHAKIM,Nurse,data/HEALTHCARE/10568183.pdf,2004-01-19,"Jl. Mangga No. 60, Padang Panjang",082166655544
75,65,Ahm4d,r4f1,UX/UI Designer,data/DESIGNER/14014749.pdf,2004-02-12,"Jl. Meranti No. 18, Tidore",081233498765
76,61,4hm4d,R4f1,,data/INFORMATION-TECHNOLOGY/13405733.pdf,2003-09-12,"Jl. Ketapang No. 3, Tarakan",081256712348
77,24,Farh4n,N4FIS,Painter,data/ARTS/11187796.pdf,2004-01-30,"Jl. Anyelir No. 1, Kediri",082134987621
78,18,Ari3L,HerfR150n,Intellectual Property Attorney,data/ADVOCATE/11773767.pdf,2003-10-06,"Jl. Kedondong No. 70, Solo",082198123456
79,51,4l4nd,MuL14,,data/FITNESS/10235429.pdf,2003-07-10,"Jl. Lontar No. 13, Pematangsiantar",081234559999
80,29,f4rh4n,naf15,Technical Support Associate,data/BPO/69097572.pdf,2004-02-20,"Jl. Cemara No. 89, Kupang",081299887766
81,53,Al4nd,Muli4,,data/BUSINESS-DEVELOPMENT/13199813.pdf,2004-06-12,"Jl. Belimbing No. 90, Blora",081233445566
82,58,AlaND,MULIA,Aviation Safety Officer,data/AVIATION/11959428.pdf,2003-12-07,"Jl. Duku No. 5, Bima",082134567812
83,25,f4rhan,naf15,Intellectual Property Attorney,data/ADVOCATE/12171093.pdf,2003-04-17,"Jl. Teratai No. 5, Tasikmalaya",081233221234
84,34,H41k4L,Assyauqi,Radiologist,data/HEALTHCARE/12315079.pdf,2003-09-14,"Jl. Pepaya No. 77, Cianjur",082198772112
85,30,FARH4N,NAFIS,,data/FINANCE/16449850.pdf,2003-09-28,"Jl. Flamboyan No. 5, Banjarmasin",082133344455
86,35,ha1k4l,455yauqi,Mechanical Engineer,data/ENGINEERING/10030015.pdf,2003-01-01,"Jl. Sawo No. 21, Banjar",081212121212
87,13,4riel,Herfris0n,,data/AVIATION/11614114.pdf,2003-11-23,"Jl. Mangga No. 55, Tangerang",081276543219
88,74,1KHWAN,4lH4KIM,Doctor,data/HEALTHCARE/10466208.pdf,2003-09-20,"Jl. Tanjung No. 15, Tanjungpinang",082123456781
89,42,RAD3N,FRANC15CO,HRIS Analyst,data/HR/13376919.pdf,2004-06-13,"Jl. Kamboja No. 23, Pontianak",082145637291
90,51,4l4nd,MuL14,Civil Engineer,data/ENGINEERING/12748557.pdf,2003-07-10,"Jl. Lontar No. 13, Pematangsiantar",081234559999
91,10,M0h4mM4D,NUGRAHA,Reconciliation Officer,data/ACCOUNTANT/11163645.pdf,2003-07-07,"Jl. Pisang No. 66, Denpasar",081399988877
92,59,ALaNd,MuLiA,,data/CONSTRUCTION/12666174.pdf,2003-02-26,"Jl. Tomat No. 3, Ambon",081245677899
93,18,Ari3L,HerfR150n,Industrial Engineer,data/ENGINEERING/13264796.pdf,2003-10-06,"Jl. Kedondong No. 70, Solo",082198123456
94,74,1KHWAN,4lH4KIM,Aviation Mechanic,data/AVIATION/12043694.pdf,2003-09-20,"Jl. Tanjung No. 15, Tanjungpinang",082123456781
95,11,Ari3l,H3rfri50n,Subject Matter Expert,data/TEACHER/10909720.pdf,2004-03-14,"Jl. Jeruk No. 2, Bekasi",081223498761
96,56,AlaNd,MuL14,Merchandiser,data/APPAREL/10876132.pdf,2004-03-20,"Jl. Pisang No. 4, Singkawang",082122223456
97,53,Al4nd,Muli4,Sculptor,data/ARTS/17325147.pdf,2004-06-12,"Jl. Belimbing No. 90, Blora",081233445566
98,19,Arie1,HERFRISON,Corporate Counsel,data/ADVOCATE/10186968.pdf,2004-02-03,"Jl. Jambu No. 20, Balikpapan",081256789123
99,58,AlaND,MULIA,Muralist,data/ARTS/11555549.pdf,2003-12-07,"Jl. Duku No. 5, Bima",082134567812
100,71,1khw4n,4lH4k1m,Art Director,data/ARTS/16244633.pdf,2003-06-06,"Jl. Kenari No. 23, Pariaman",081223456789
101,12,AR13L,H3RFR1S0N,Civil Engineer,data/ENGINEERING/12022566.pdf,2003-08-03,"Jl. Sawo No. 11, Depok",082154321789
102,25,f4rhan,naf15,Business Development Executive,data/BUSINESS-DEVELOPMENT/12377803.pdf,2003-04-17,"Jl. Teratai No. 5, Tasikmalaya",081233221234
103,12,AR13L,H3RFR1S0N,Primary School Teacher,data/TEACHER/15899269.pdf,2003-08-03,"Jl. Sawo No. 11, Depok",082154321789
104,36,H41K4L,455YAUQ1,Nurse,data/HEALTHCARE/11704150.pdf,2004-03-30,"Jl. Srikaya No. 34, Pangkalpinang",082187654321
105,12,AR13L,H3RFR1S0N,Instructional Coach,data/TEACHER/15899269.pdf,2003-08-03,"Jl. Sawo No. 11, Depok",082154321789
106,6,MoH4mM4d,NugR4h4,Sales Consultant,data/SALES/10464113.pdf,2003-12-30,"Jl. Anggrek No. 18, Medan",082143256789
107,18,Ari3L,HerfR150n,Construction Worker,data/CONSTRUCTION/11393213.pdf,2003-10-06,"Jl. Kedondong No. 70, Solo",082198123456
108,36,H41K4L,455YAUQ1,,data/CONSTRUCTION/12839152.pdf,2004-03-30,"Jl. Srikaya No. 34, Pangkalpinang",082187654321
109,3,M0hammad,Nugr4h4,Packaging Designer,data/DESIGNER/11155153.pdf,2003-11-05,"Jl. Cemara No. 7, Surabaya",081345678912
110,10,M0h4mM4D,NUGRAHA,Sustainability Consultant,data/CONSULTANT/10332998.pdf,2003-07-07,"Jl. Pisang No. 66, Denpasar",081399988877
111,12,AR13L,H3RFR1S0N,Aviation Mechanic,data/AVIATION/13195436.pdf,2003-08-03,"Jl. Sawo No. 11, Depok",082154321789
112,44,R4d3N,Fr4nc15co,Environmental Engineer,data/ENGINEERING/12472574.pdf,2003-12-25,"Jl. Jeruk No. 4, Sukabumi",082144478512
113,10,M0h4mM4D,NUGRAHA,Litigation Associate,data/ADVOCATE/13909762.pdf,2003-07-07,"Jl. Pisang No. 66, Denpasar",081399988877
114,15,Ariel,Herfrison,HR Manager,data/HR/13520837.pdf,2003-12-10,"Jl. Durian No. 6, Cirebon",081277789912
115,25,f4rhan,naf15,Criminal Lawyer,data/ADVOCATE/12171093.pdf,2003-04-17,"Jl. Teratai No. 5, Tasikmalaya",081233221234
116,16,ar13l,h3rfr150n,Tax Analyst,data/ACCOUNTANT/14224370.pdf,2004-06-18,"Jl. Nangka No. 90, Padang",082134556789
117,31,H41k4l,455y4uq1,Sports Therapist,data/FITNESS/11522068.pdf,2003-05-15,"Jl. Alpukat No. 13, Surakarta",081222334455
118,59,ALaNd,MuLiA,,data/INFORMATION-TECHNOLOGY/10089434.pdf,2003-02-26,"Jl. Tomat No. 3, Ambon",081245677899
119,57,4L4ND,MUL1A,Team Leader,data/BPO/24727739.pdf,2004-01-14,"Jl. Durian No. 15, Ternate",081256789456
120,8,Mohammad,NUGRAHA,HR Generalist,data/HR/13879043.pdf,2004-02-11,"Jl. Apel No. 2, Palembang",081345679123
121,80,1KHw4N,4LHAKIM,,data/CHEF/11209758.pdf,2004-01-19,"Jl. Mangga No. 60, Padang Panjang",082166655544
122,5,m0h4mm4d,nu9r4h4,Mechanical Engineer,data/ENGINEERING/15139979.pdf,2003-09-12,"Jl. Mawar No. 9, Yogyakarta",081223456789
123,51,4l4nd,MuL14,Wellness Coach,data/FITNESS/10235429.pdf,2003-07-10,"Jl. Lontar No. 13, Pematangsiantar",081234559999
124,42,RAD3N,FRANC15CO,Agricultural Economist,data/AGRICULTURE/11813872.pdf,2004-06-13,"Jl. Kamboja No. 23, Pontianak",082145637291
125,28,FARH4N,N4f15,Garde Manger,data/CHEF/14663897.pdf,2003-07-07,"Jl. Ketapang No. 23, Kendari",082111122233
126,78,Ikhwan,ALHAKIM,Graphic Designer,data/DESIGNER/14743911.pdf,2004-04-09,"Jl. Bengkuang No. 20, Sungai Penuh",082198762341
127,79,IKHWAN,Alh4k1M,Banquet Chef,data/CHEF/10588874.pdf,2003-03-27,"Jl. Nangka No. 14, Solok",081277788899
128,63,AhM4d,R4fi,Teaching Assistant,data/TEACHER/16270906.pdf,2003-08-28,"Jl. Rambutan No. 17, Kupang",081278765432
129,6,MoH4mM4d,NugR4h4,Crop Consultant,data/AGRICULTURE/18264694.pdf,2003-12-30,"Jl. Anggrek No. 18, Medan",082143256789
130,47,RaD3n,FrAnC1sco,Agricultural Engineer,data/AGRICULTURE/12674256.pdf,2003-11-19,"Jl. Apel No. 13, Lhokseumawe",081212343434
131,60,Aland,MuL1A,Legal Advisor,data/ADVOCATE/14146106.pdf,2003-11-11,"Jl. Rambutan No. 67, Bau-Bau",082165432198
132,39,Haikal,ASSYAUQI,Tax Analyst,data/ACCOUNTANT/12202337.pdf,2004-01-09,"Jl. Jengkol No. 99, Blitar",081289123456
133,41,R4d3n,Fr4nC15c0,Team Leader,data/BPO/63158213.pdf,2003-07-07,"Jl. Mawar No. 1, Tasikmalaya",081293847561
134,41,R4d3n,Fr4nC15c0,Operations Manager,data/BPO/63158213.pdf,2003-07-07,"Jl. Mawar No. 1, Tasikmalaya",081293847561
135,14,AR1EL,H3RFR1S0N,Exhibition Designer,data/DESIGNER/12547982.pdf,2003-02-09,"Jl. Rambutan No. 88, Bogor",082199876543
136,48,RaDen,FrAnC1SCo,Digital Marketing Analyst,data/DIGITAL-MEDIA/13343786.pdf,2003-03-09,"Jl. Pisang No. 7, Sibolga",082199998877
137,31,H41k4l,455y4uq1,,data/DESIGNER/10751444.pdf,2003-05-15,"Jl. Alpukat No. 13, Surakarta",081222334455
138,42,RAD3N,FRANC15CO,Employee Relations Officer,data/HR/13376919.pdf,2004-06-13,"Jl. Kamboja No. 23, Pontianak",082145637291
139,10,M0h4mM4D,NUGRAHA,Sustainability Consultant,data/CONSULTANT/10332998.pdf,2003-07-07,"Jl. Pisang No. 66, Denpasar",081399988877
140,60,Aland,MuL1A,,data/TEACHER/15850434.pdf,2003-11-11,"Jl. Rambutan No. 67, Bau-Bau",082165432198
141,66,4HMaD,RAF1,Actuary,data/FINANCE/17775916.pdf,2003-05-15,"Jl. Salak No. 6, Sorong",082177712345
142,3,M0hammad,Nugr4h4,,data/AUTOMOBILE/17571262.pdf,2003-11-05,"Jl. Cemara No. 7, Surabaya",081345678912
143,11,Ari3l,H3rfri50n,Process Associate,data/BPO/79261033.pdf,2004-03-14,"Jl. Jeruk No. 2, Bekasi",081223498761
144,78,Ikhwan,ALHAKIM,,data/CHEF/12420359.pdf,2004-04-09,"Jl. Bengkuang No. 20, Sungai Penuh",082198762341
145,18,Ari3L,HerfR150n,Financial Analyst,data/FINANCE/15011085.pdf,2003-10-06,"Jl. Kedondong No. 70, Solo",082198123456
146,25,f4rhan,naf15,Litigation Associate,data/ADVOCATE/12171093.pdf,2003-04-17,"Jl. Teratai No. 5, Tasikmalaya",081233221234
147,60,Aland,MuL1A,Business Development Executive,data/BUSINESS-DEVELOPMENT/12632728.pdf,2003-11-11,"Jl. Rambutan No. 67, Bau-Bau",082165432198
148,3,M0hammad,Nugr4h4,QA Engineer,data/INFORMATION-TECHNOLOGY/10553553.pdf,2003-11-05,"Jl. Cemara No. 7, Surabaya",081345678912
149,58,AlaND,MULIA,Safety Officer,data/CONSTRUCTION/12826414.pdf,2003-12-07,"Jl. Duku No. 5, Bima",082134567812
150,18,Ari3L,HerfR150n,Influencer Manager,data/DIGITAL-MEDIA/14036515.pdf,2003-10-06,"Jl. Kedondong No. 70, Solo",082198123456
151,43,R4den,Francisco,Litigation Associate,data/ADVOCATE/13593241.pdf,2003-04-04,"Jl. Cemara No. 88, Pekalongan",081223489127
152,34,H41k4L,Assyauqi,Ramp Agent,data/AVIATION/13234267.pdf,2003-09-14,"Jl. Pepaya No. 77, Cianjur",082198772112
153,19,Arie1,HERFRISON,IT Consultant,data/CONSULTANT/14346702.pdf,2004-02-03,"Jl. Jambu No. 20, Balikpapan",081256789123
154,61,4hm4d,R4f1,Crop Consultant,data/AGRICULTURE/17640785.pdf,2003-09-12,"Jl. Ketapang No. 3, Tarakan",081256712348
155,50,R4d3N,FRANCISCO,Safety Officer,data/CONSTRUCTION/12890045.pdf,2003-08-08,"Jl. Cempaka No. 6, Tarakan",082122456789
156,37,h41K4L,Assy4Uq1,Building Inspector,data/CONSTRUCTION/10734870.pdf,2003-11-11,"Jl. Damar No. 90, Mojokerto",081232345678
157,60,Aland,MuL1A,Backend Developer,data/INFORMATION-TECHNOLOGY/10641230.pdf,2003-11-11,"Jl. Rambutan No. 67, Bau-Bau",082165432198
158,59,ALaNd,MuLiA,Pilot,data/AVIATION/11804712.pdf,2003-02-26,"Jl. Tomat No. 3, Ambon",081245677899
159,37,h41K4L,Assy4Uq1,Illustrator,data/ARTS/10830646.pdf,2003-11-11,"Jl. Damar No. 90, Mojokerto",081232345678
160,6,MoH4mM4d,NugR4h4,Market Research Analyst,data/BUSINESS-DEVELOPMENT/10235211.pdf,2003-12-30,"Jl. Anggrek No. 18, Medan",082143256789
161,34,H41k4L,Assyauqi,Air Traffic Controller,data/AVIATION/13234267.pdf,2003-09-14,"Jl. Pepaya No. 77, Cianjur",082198772112
162,24,Farh4n,N4FIS,,data/PUBLIC-RELATIONS/12920612.pdf,2004-01-30,"Jl. Anyelir No. 1, Kediri",082134987621
163,26,F4RH4N,N4F15,Project Manager,data/CONSTRUCTION/11650031.pdf,2003-10-25,"Jl. Dahlia No. 44, Manado",082198726154
164,36,H41K4L,455YAUQ1,Software Developer,data/INFORMATION-TECHNOLOGY/11584809.pdf,2004-03-30,"Jl. Srikaya No. 34, Pangkalpinang",082187654321
165,10,M0h4mM4D,NUGRAHA,,data/ARTS/15306049.pdf,2003-07-07,"Jl. Pisang No. 66, Denpasar",081399988877
166,19,Arie1,HERFRISON,,data/SALES/15581242.pdf,2004-02-03,"Jl. Jambu No. 20, Balikpapan",081256789123
167,58,AlaND,MULIA,Agronomist,data/AGRICULTURE/10953078.pdf,2003-12-07,"Jl. Duku No. 5, Bima",082134567812
168,79,IKHWAN,Alh4k1M,Commis Chef,data/CHEF/11444536.pdf,2003-03-27,"Jl. Nangka No. 14, Solok",081277788899
169,80,1KHw4N,4LHAKIM,Kitchen Manager,data/CHEF/11209758.pdf,2004-01-19,"Jl. Mangga No. 60, Padang Panjang",082166655544
170,52,AL4ND,MUL1A,Bank Manager,data/BANKING/17131084.pdf,2003-10-21,"Jl. Waru No. 8, Salatiga",082134556677
171,7,M0H4MM4D,NuGr4Ha,,data/AGRICULTURE/12341902.pdf,2003-05-26,"Jl. Duku No. 33, Makassar",081298765432
172,22,FARH4N,N4F15,Compliance Officer,data/BANKING/11262933.pdf,2003-06-15,"Jl. Wijaya Kusuma No. 4, Cimahi",082145678912
173,53,Al4nd,Muli4,Quality Control Inspector,data/AUTOMOBILE/18448085.pdf,2004-06-12,"Jl. Belimbing No. 90, Blora",081233445566
174,11,Ari3l,H3rfri50n,High School Teacher,data/TEACHER/10909720.pdf,2004-03-14,"Jl. Jeruk No. 2, Bekasi",081223498761
175,57,4L4ND,MUL1A,Digital Marketing Analyst,data/DIGITAL-MEDIA/16276121.pdf,2004-01-14,"Jl. Durian No. 15, Ternate",081256789456
176,80,1KHw4N,4LHAKIM,Sales Executive,data/SALES/12082377.pdf,2004-01-19,"Jl. Mangga No. 60, Padang Panjang",082166655544
177,18,Ari3L,HerfR150n,Art Critic,data/ARTS/12334650.pdf,2003-10-06,"Jl. Kedondong No. 70, Solo",082198123456
178,42,RAD3N,FRANC15CO,Sustainability Consultant,data/CONSULTANT/12526702.pdf,2004-06-13,"Jl. Kamboja No. 23, Pontianak",082145637291
179,60,Aland,MuL1A,Criminal Lawyer,data/ADVOCATE/14146106.pdf,2003-11-11,"Jl. Rambutan No. 67, Bau-Bau",082165432198
180,80,1KHw4N,4LHAKIM,Backend Developer,data/INFORMATION-TECHNOLOGY/10247517.pdf,2004-01-19,"Jl. Mangga No. 60, Padang Panjang",082166655544
181,15,Ariel,Herfrison,HR Manager,data/HR/13520837.pdf,2003-12-10,"Jl. Durian No. 6, Cirebon",081277789912
182,2,MOH4MM4D,NUGR4H4,Structural Engineer,data/CONSTRUCTION/10820510.pdf,2004-03-22,"Jl. Melati No. 45, Bandung",082123456781
183,20,ARI3L,h3rfri50n,Treasury Analyst,data/BANKING/13393401.pdf,2004-04-28,"Jl. Salak No. 31, Pontianak",082123987654
184,40,HA1KAL,455y4UQ1,Business Development Representative,data/SALES/14381464.pdf,2003-02-18,"Jl. Kapuk No. 4, Probolinggo",082145612378
185,15,Ariel,Herfrison,HR Manager,data/HR/13520837.pdf,2003-12-10,"Jl. Durian No. 6, Cirebon",081277789912
186,48,RaDen,FrAnC1SCo,Illustrator,data/ARTS/12386670.pdf,2003-03-09,"Jl. Pisang No. 7, Sibolga",082199998877
187,35,ha1k4l,455yauqi,,data/DIGITAL-MEDIA/13503650.pdf,2003-01-01,"Jl. Sawo No. 21, Banjar",081212121212
188,64,4Hmad,RAFI,,data/DIGITAL-MEDIA/10515955.pdf,2003-07-04,"Jl. Flamboyan No. 34, Tual",082134598721
189,65,Ahm4d,r4f1,Mechanical Engineer,data/ENGINEERING/11890896.pdf,2004-02-12,"Jl. Meranti No. 18, Tidore",081233498765
190,59,ALaNd,MuLiA,Graphic Designer,data/DESIGNER/11958994.pdf,2003-02-26,"Jl. Tomat No. 3, Ambon",081245677899
191,25,f4rhan,naf15,Customer Support Executive,data/BPO/11183737.pdf,2003-04-17,"Jl. Teratai No. 5, Tasikmalaya",081233221234
192,6,MoH4mM4d,NugR4h4,QA Engineer,data/INFORMATION-TECHNOLOGY/12763627.pdf,2003-12-30,"Jl. Anggrek No. 18, Medan",082143256789
193,6,MoH4mM4d,NugR4h4,Customer Support Executive,data/BPO/23933031.pdf,2003-12-30,"Jl. Anggrek No. 18, Medan",082143256789
194,33,Haikal,Assy4uqi,Saucier,data/CHEF/12717345.pdf,2003-12-03,"Jl. Nanas No. 33, Tegal",081267845129
195,40,HA1KAL,455y4UQ1,Investment Analyst,data/FINANCE/15891494.pdf,2003-02-18,"Jl. Kapuk No. 4, Probolinggo",082145612378
196,71,1khw4n,4lH4k1m,,data/BANKING/10909673.pdf,2003-06-06,"Jl. Kenari No. 23, Pariaman",081223456789
197,53,Al4nd,Muli4,Civil Engineer,data/ENGINEERING/11981094.pdf,2004-06-12,"Jl. Belimbing No. 90, Blora",081233445566
198,14,AR1EL,H3RFR1S0N,Graphic Designer,data/DESIGNER/12547982.pdf,2003-02-09,"Jl. Rambutan No. 88, Bogor",082199876543
199,59,ALaNd,MuLiA,Merchandiser,data/APPAREL/13764840.pdf,2003-02-26,"Jl. Tomat No. 3, Ambon",081245677899
200,29,f4rh4n,naf15,Subject Matter Expert,data/TEACHER/13087952.pdf,2004-02-20,"Jl. Cemara No. 89, Kupang",081299887766
201,24,Farh4n,N4FIS,Sculptor,data/ARTS/11187796.pdf,2004-01-30,"Jl. Anyelir No. 1, Kediri",082134987621
202,18,Ari3L,HerfR150n,Civil Engineer,data/CONSTRUCTION/11393213.pdf,2003-10-06,"Jl. Kedondong No. 70, Solo",082198123456
203,59,ALaNd,MuLiA,Garment Technologist,data/APPAREL/13764840.pdf,2003-02-26,"Jl. Tomat No. 3, Ambon",081245677899
204,49,r4d3n,Francisco,Art Critic,data/ARTS/11995013.pdf,2004-02-23,"Jl. Duku No. 70, Serang",081288899900
205,80,1KHw4N,4LHAKIM,Recruitment Specialist,data/HR/14886205.pdf,2004-01-19,"Jl. Mangga No. 60, Padang Panjang",082166655544
206,8,Mohammad,NUGRAHA,Sous Chef,data/CHEF/14569498.pdf,2004-02-11,"Jl. Apel No. 2, Palembang",081345679123
207,67,4hmad,Rafi,HR Consultant,data/CONSULTANT/12374933.pdf,2003-11-03,"Jl. Teratai No. 9, Langsa",081287654398
208,60,Aland,MuL1A,Litigation Associate,data/ADVOCATE/14146106.pdf,2003-11-11,"Jl. Rambutan No. 67, Bau-Bau",082165432198
209,57,4L4ND,MUL1A,PPC Specialist,data/DIGITAL-MEDIA/16276121.pdf,2004-01-14,"Jl. Durian No. 15, Ternate",081256789456
210,19,Arie1,HERFRISON,Cost Accountant,data/ACCOUNTANT/12065211.pdf,2004-02-03,"Jl. Jambu No. 20, Balikpapan",081256789123
211,27,f4RH4N,NAFIS,SEO Specialist,data/DIGITAL-MEDIA/11270462.pdf,2004-03-03,"Jl. Tanjung No. 13, Palu",081267891234
212,39,Haikal,ASSYAUQI,Customer Retention Specialist,data/BPO/30709029.pdf,2004-01-09,"Jl. Jengkol No. 99, Blitar",081289123456
213,12,AR13L,H3RFR1S0N,Financial Consultant,data/CONSULTANT/13454871.pdf,2003-08-03,"Jl. Sawo No. 11, Depok",082154321789
214,50,R4d3N,FRANCISCO,Painter,data/ARTS/13272204.pdf,2003-08-08,"Jl. Cempaka No. 6, Tarakan",082122456789
215,70,4HMAD,r4f1,,data/ENGINEERING/14206561.pdf,2004-01-01,"Jl. Apel No. 89, Subulussalam",082134672298
216,31,H41k4l,455y4uq1,Anesthesiologist,data/HEALTHCARE/10062724.pdf,2003-05-15,"Jl. Alpukat No. 13, Surakarta",081222334455
217,31,H41k4l,455y4uq1,Nurse,data/HEALTHCARE/14062078.pdf,2003-05-15,"Jl. Alpukat No. 13, Surakarta",081222334455
218,2,MOH4MM4D,NUGR4H4,Sous Chef,data/CHEF/11432686.pdf,2004-03-22,"Jl. Melati No. 45, Bandung",082123456781
219,10,M0h4mM4D,NUGRAHA,Art Critic,data/ARTS/15306049.pdf,2003-07-07,"Jl. Pisang No. 66, Denpasar",081399988877
220,34,H41k4L,Assyauqi,Doctor,data/HEALTHCARE/12315079.pdf,2003-09-14,"Jl. Pepaya No. 77, Cianjur",082198772112
221,64,4Hmad,RAFI,Painter,data/ARTS/16962067.pdf,2003-07-04,"Jl. Flamboyan No. 34, Tual",082134598721
222,10,M0h4mM4D,NUGRAHA,Pharmacist,data/HEALTHCARE/10480456.pdf,2003-07-07,"Jl. Pisang No. 66, Denpasar",081399988877
223,25,f4rhan,naf15,Retail Banker,data/BANKING/15553584.pdf,2003-04-17,"Jl. Teratai No. 5, Tasikmalaya",081233221234
224,16,ar13l,h3rfr150n,Costume Designer,data/APPAREL/10738095.pdf,2004-06-18,"Jl. Nangka No. 90, Padang",082134556789
225,20,ARI3L,h3rfri50n,DevOps Engineer,data/INFORMATION-TECHNOLOGY/15118506.pdf,2004-04-28,"Jl. Salak No. 31, Pontianak",082123987654
226,14,AR1EL,H3RFR1S0N,Treasury Analyst,data/BANKING/11065180.pdf,2003-02-09,"Jl. Rambutan No. 88, Bogor",082199876543
227,78,Ikhwan,ALHAKIM,Executive Chef,data/CHEF/12420359.pdf,2004-04-09,"Jl. Bengkuang No. 20, Sungai Penuh",082198762341
228,75,Ikhw4n,ALH4KIM,,data/PUBLIC-RELATIONS/11842274.pdf,2004-02-15,"Jl. Beringin No. 6, Jambi",081278991234
229,63,AhM4d,R4fi,,data/CONSTRUCTION/12654876.pdf,2003-08-28,"Jl. Rambutan No. 17, Kupang",081278765432
230,67,4hmad,Rafi,,data/CONSULTANT/12374933.pdf,2003-11-03,"Jl. Teratai No. 9, Langsa",081287654398
231,15,Ariel,Herfrison,,data/AGRICULTURE/11197262.pdf,2003-12-10,"Jl. Durian No. 6, Cirebon",081277789912
232,77,1kHw4N,4lHaKIM,,data/BANKING/13173522.pdf,2003-07-23,"Jl. Singkong No. 9, Prabumulih",081245678912
233,36,H41K4L,455YAUQ1,,data/INFORMATION-TECHNOLOGY/11584809.pdf,2004-03-30,"Jl. Srikaya No. 34, Pangkalpinang",082187654321
234,48,RaDen,FrAnC1SCo,DevOps Engineer,data/INFORMATION-TECHNOLOGY/13385306.pdf,2003-03-09,"Jl. Pisang No. 7, Sibolga",082199998877
235,24,Farh4n,N4FIS,Pastry Chef,data/CHEF/12254068.pdf,2004-01-30,"Jl. Anyelir No. 1, Kediri",082134987621
236,44,R4d3N,Fr4nc15co,Agronomist,data/AGRICULTURE/16661264.pdf,2003-12-25,"Jl. Jeruk No. 4, Sukabumi",082144478512
237,48,RaDen,FrAnC1SCo,Customer Support Executive,data/BPO/13964744.pdf,2003-03-09,"Jl. Pisang No. 7, Sibolga",082199998877
238,9,m0H4mmad,nug9ah4,Financial Planner,data/FINANCE/11490673.pdf,2004-04-19,"Jl. Jambu No. 25, Malang",082198765432
239,51,4l4nd,MuL14,Art Critic,data/ARTS/11360471.pdf,2003-07-10,"Jl. Lontar No. 13, Pematangsiantar",081234559999
240,5,m0h4mm4d,nu9r4h4,Crop Consultant,data/AGRICULTURE/16172429.pdf,2003-09-12,"Jl. Mawar No. 9, Yogyakarta",081223456789
241,56,AlaNd,MuL14,Speechwriter,data/PUBLIC-RELATIONS/12545844.pdf,2004-03-20,"Jl. Pisang No. 4, Singkawang",082122223456
242,44,R4d3N,Fr4nc15co,Agricultural Engineer,data/AGRICULTURE/16661264.pdf,2003-12-25,"Jl. Jeruk No. 4, Sukabumi",082144478512
243,79,IKHWAN,Alh4k1M,Pastry Chef,data/CHEF/11444536.pdf,2003-03-27,"Jl. Nangka No. 14, Solok",081277788899
244,8,Mohammad,NUGRAHA,Farm Manager,data/AGRICULTURE/15546686.pdf,2004-02-11,"Jl. Apel No. 2, Palembang",081345679123
245,77,1kHw4N,4lHaKIM,Tax Analyst,data/ACCOUNTANT/12442909.pdf,2003-07-23,"Jl. Singkong No. 9, Prabumulih",081245678912
246,36,H41K4L,455YAUQ1,Content Strategist,data/DIGITAL-MEDIA/13328680.pdf,2004-03-30,"Jl. Srikaya No. 34, Pangkalpinang",082187654321
247,52,AL4ND,MUL1A,Architectural Drafter,data/CONSTRUCTION/10176013.pdf,2003-10-21,"Jl. Waru No. 8, Salatiga",082134556677
248,80,1KHw4N,4LHAKIM,Retail Sales Associate,data/SALES/12082377.pdf,2004-01-19,"Jl. Mangga No. 60, Padang Panjang",082166655544
249,51,4l4nd,MuL14,Healthcare Administrator,data/HEALTHCARE/12938200.pdf,2003-07-10,"Jl. Lontar No. 13, Pematangsiantar",081234559999
250,72,IKHW4N,ALH4KIM,Training and Development Manager,data/HR/11763983.pdf,2003-10-25,"Jl. Delima No. 2, Tebing Tinggi",082167891234
251,45,r4d3n,fr4nc1sco,Press Secretary,data/PUBLIC-RELATIONS/11635137.pdf,2004-01-31,"Jl. Mangga No. 56, Metro",081267891255
252,77,1kHw4N,4lHaKIM,Reconciliation Officer,data/ACCOUNTANT/12442909.pdf,2003-07-23,"Jl. Singkong No. 9, Prabumulih",081245678912
253,49,r4d3n,Francisco,Site Supervisor,data/CONSTRUCTION/12693146.pdf,2004-02-23,"Jl. Duku No. 70, Serang",081288899900
254,47,RaD3n,FrAnC1sco,Event Coordinator,data/PUBLIC-RELATIONS/14009087.pdf,2003-11-19,"Jl. Apel No. 13, Lhokseumawe",081212343434
255,10,M0h4mM4D,NUGRAHA,Group Fitness Coordinator,data/FITNESS/10969918.pdf,2003-07-07,"Jl. Pisang No. 66, Denpasar",081399988877
256,36,H41K4L,455YAUQ1,Digital Marketing Analyst,data/DIGITAL-MEDIA/13328680.pdf,2004-03-30,"Jl. Srikaya No. 34, Pangkalpinang",082187654321
257,74,1KHWAN,4lH4KIM,Press Secretary,data/PUBLIC-RELATIONS/10070224.pdf,2003-09-20,"Jl. Tanjung No. 15, Tanjungpinang",082123456781
258,60,Aland,MuL1A,Client Acquisition Manager,data/BUSINESS-DEVELOPMENT/12632728.pdf,2003-11-11,"Jl. Rambutan No. 67, Bau-Bau",082165432198
259,71,1khw4n,4lH4k1m,Mortgage Advisor,data/BANKING/10909673.pdf,2003-06-06,"Jl. Kenari No. 23, Pariaman",081223456789
260,74,1KHWAN,4lH4KIM,,data/CHEF/12155206.pdf,2003-09-20,"Jl. Tanjung No. 15, Tanjungpinang",082123456781
261,6,MoH4mM4d,NugR4h4,Account Manager,data/SALES/10464113.pdf,2003-12-30,"Jl. Anggrek No. 18, Medan",082143256789
262,36,H41K4L,455YAUQ1,Digital Marketing Analyst,data/DIGITAL-MEDIA/13328680.pdf,2004-03-30,"Jl. Srikaya No. 34, Pangkalpinang",082187654321
263,60,Aland,MuL1A,Software Developer,data/INFORMATION-TECHNOLOGY/10641230.pdf,2003-11-11,"Jl. Rambutan No. 67, Bau-Bau",082165432198
264,36,H41K4L,455YAUQ1,Aircraft Maintenance Engineer,data/AVIATION/11137306.pdf,2004-03-30,"Jl. Srikaya No. 34, Pangkalpinang",082187654321
265,59,ALaNd,MuLiA,Chemical Engineer,data/ENGINEERING/12518008.pdf,2003-02-26,"Jl. Tomat No. 3, Ambon",081245677899
266,51,4l4nd,MuL14,Aviation Safety Officer,data/AVIATION/12504278.pdf,2003-07-10,"Jl. Lontar No. 13, Pematangsiantar",081234559999
267,14,AR1EL,H3RFR1S0N,Executive Chef,data/CHEF/10001727.pdf,2003-02-09,"Jl. Rambutan No. 88, Bogor",082199876543
268,9,m0H4mmad,nug9ah4,Tax Consultant,data/FINANCE/10549585.pdf,2004-04-19,"Jl. Jambu No. 25, Malang",082198765432
269,66,4HMaD,RAF1,Environmental Engineer,data/ENGINEERING/15601399.pdf,2003-05-15,"Jl. Salak No. 6, Sorong",082177712345
270,44,R4d3N,Fr4nc15co,,data/ENGINEERING/12472574.pdf,2003-12-25,"Jl. Jeruk No. 4, Sukabumi",082144478512
271,51,4l4nd,MuL14,Quality Control Inspector,data/AUTOMOBILE/11797122.pdf,2003-07-10,"Jl. Lontar No. 13, Pematangsiantar",081234559999
272,74,1KHWAN,4lH4KIM,Ramp Agent,data/AVIATION/12043694.pdf,2003-09-20,"Jl. Tanjung No. 15, Tanjungpinang",082123456781
273,51,4l4nd,MuL14,Transmission Engineer,data/AUTOMOBILE/11257723.pdf,2003-07-10,"Jl. Lontar No. 13, Pematangsiantar",081234559999
274,71,1khw4n,4lH4k1m,Retail Banker,data/BANKING/10909673.pdf,2003-06-06,"Jl. Kenari No. 23, Pariaman",081223456789
275,60,Aland,MuL1A,Key Account Manager,data/BUSINESS-DEVELOPMENT/12632728.pdf,2003-11-11,"Jl. Rambutan No. 67, Bau-Bau",082165432198
276,59,ALaNd,MuLiA,Pilot,data/AVIATION/10189110.pdf,2003-02-26,"Jl. Tomat No. 3, Ambon",081245677899
277,77,1kHw4N,4lHaKIM,Cost Control Specialist,data/ACCOUNTANT/12442909.pdf,2003-07-23,"Jl. Singkong No. 9, Prabumulih",081245678912
278,56,AlaNd,MuL14,Legal Consultant,data/CONSULTANT/11835339.pdf,2004-03-20,"Jl. Pisang No. 4, Singkawang",082122223456
279,6,MoH4mM4d,NugR4h4,Costume Designer,data/APPAREL/14698557.pdf,2003-12-30,"Jl. Anggrek No. 18, Medan",082143256789
280,27,f4RH4N,NAFIS,Cost Accountant,data/ACCOUNTANT/13072019.pdf,2004-03-03,"Jl. Tanjung No. 13, Palu",081267891234
281,9,m0H4mmad,nug9ah4,Financial Planner,data/FINANCE/10549585.pdf,2004-04-19,"Jl. Jambu No. 25, Malang",082198765432
282,3,M0hammad,Nugr4h4,,data/INFORMATION-TECHNOLOGY/10553553.pdf,2003-11-05,"Jl. Cemara No. 7, Surabaya",081345678912
283,18,Ari3L,HerfR150n,,data/ARTS/12334650.pdf,2003-10-06,"Jl. Kedondong No. 70, Solo",082198123456
284,35,ha1k4l,455yauqi,Media Buyer,data/DIGITAL-MEDIA/13503650.pdf,2003-01-01,"Jl. Sawo No. 21, Banjar",081212121212
285,53,Al4nd,Muli4,Test Driver,data/AUTOMOBILE/18448085.pdf,2004-06-12,"Jl. Belimbing No. 90, Blora",081233445566
286,47,RaD3n,FrAnC1sco,Account Executive,data/BUSINESS-DEVELOPMENT/11088337.pdf,2003-11-19,"Jl. Apel No. 13, Lhokseumawe",081212343434
287,25,f4rhan,naf15,DevOps Engineer,data/INFORMATION-TECHNOLOGY/10840430.pdf,2003-04-17,"Jl. Teratai No. 5, Tasikmalaya",081233221234
288,45,r4d3n,fr4nc1sco,Agricultural Engineer,data/AGRICULTURE/15603319.pdf,2004-01-31,"Jl. Mangga No. 56, Metro",081267891255
289,1,Moh4mm4d,Nu9r4h4,Compliance Officer,data/BANKING/16407619.pdf,2003-06-14,"Jl. Kenanga No. 12, Jakarta",081234567891
290,73,IkHwan,AlHak1m,Teaching Assistant,data/TEACHER/17311685.pdf,2004-03-18,"Jl. Mahoni No. 44, Binjai",081212398765
291,61,4hm4d,R4f1,,data/AGRICULTURE/17640785.pdf,2003-09-12,"Jl. Ketapang No. 3, Tarakan",081256712348
292,39,Haikal,ASSYAUQI,,data/BPO/30709029.pdf,2004-01-09,"Jl. Jengkol No. 99, Blitar",081289123456
293,42,RAD3N,FRANC15CO,,data/AGRICULTURE/11813872.pdf,2004-06-13,"Jl. Kamboja No. 23, Pontianak",082145637291
294,58,AlaND,MULIA,Flight Instructor,data/AVIATION/11959428.pdf,2003-12-07,"Jl. Duku No. 5, Bima",082134567812
295,80,1KHw4N,4LHAKIM,Software Developer,data/INFORMATION-TECHNOLOGY/10247517.pdf,2004-01-19,"Jl. Mangga No. 60, Padang Panjang",082166655544
296,12,AR13L,H3RFR1S0N,Risk Compliance Analyst,data/ACCOUNTANT/10554236.pdf,2003-08-03,"Jl. Sawo No. 11, Depok",082154321789
297,34,H41k4L,Assyauqi,Sous Chef,data/CHEF/13264154.pdf,2003-09-14,"Jl. Pepaya No. 77, Cianjur",082198772112
298,2,MOH4MM4D,NUGR4H4,Civil Engineer,data/CONSTRUCTION/10820510.pdf,2004-03-22,"Jl. Melati No. 45, Bandung",082123456781
299,13,4riel,Herfris0n,Legal Consultant,data/CONSULTANT/13586069.pdf,2003-11-23,"Jl. Mangga No. 55, Tangerang",081276543219
300,25,f4rhan,naf15,,data/BANKING/15553584.pdf,2003-04-17,"Jl. Teratai No. 5, Tasikmalaya",081233221234
301,34,H41k4L,Assyauqi,Video Editor,data/DIGITAL-MEDIA/15353911.pdf,2003-09-14,"Jl. Pepaya No. 77, Cianjur",082198772112
302,16,ar13l,h3rfr150n,Apparel Production Manager,data/APPAREL/10738095.pdf,2004-06-18,"Jl. Nangka No. 90, Padang",082134556789
303,52,AL4ND,MUL1A,Mortgage Advisor,data/BANKING/17131084.pdf,2003-10-21,"Jl. Waru No. 8, Salatiga",082134556677
304,32,HA1K4L,ASSY4UQ1,Nurse,data/HEALTHCARE/12333703.pdf,2004-07-22,"Jl. Sukun No. 19, Pekanbaru",082122334456
305,48,RaDen,FrAnC1SCo,,data/INFORMATION-TECHNOLOGY/13385306.pdf,2003-03-09,"Jl. Pisang No. 7, Sibolga",082199998877
306,36,H41K4L,455YAUQ1,Construction Worker,data/CONSTRUCTION/10041713.pdf,2004-03-30,"Jl. Srikaya No. 34, Pangkalpinang",082187654321
307,51,4l4nd,MuL14,Civil Engineer,data/ENGINEERING/12748557.pdf,2003-07-10,"Jl. Lontar No. 13, Pematangsiantar",081234559999
308,1,Moh4mm4d,Nu9r4h4,,data/HR/15375009.pdf,2003-06-14,"Jl. Kenanga No. 12, Jakarta",081234567891
309,56,AlaNd,MuL14,Inside Sales Representative,data/SALES/12820557.pdf,2004-03-20,"Jl. Pisang No. 4, Singkawang",082122223456
310,56,AlaNd,MuL14,Flight Dispatcher,data/AVIATION/10945968.pdf,2004-03-20,"Jl. Pisang No. 4, Singkawang",082122223456
311,6,MoH4mM4d,NugR4h4,Lecturer,data/TEACHER/16210888.pdf,2003-12-30,"Jl. Anggrek No. 18, Medan",082143256789
312,73,IkHwan,AlHak1m,,data/APPAREL/14413257.pdf,2004-03-18,"Jl. Mahoni No. 44, Binjai",081212398765
313,69,Ahmad,RAFI,,data/HR/12786012.pdf,2003-10-10,"Jl. Cemara No. 77, Lubuklinggau",081298765411
314,54,ALAND,MULIA,Teaching Assistant,data/TEACHER/16820422.pdf,2003-05-01,"Jl. Petai No. 21, Kuningan",082199112233
315,10,M0h4mM4D,NUGRAHA,,data/AVIATION/12239749.pdf,2003-07-07,"Jl. Pisang No. 66, Denpasar",081399988877
316,39,Haikal,ASSYAUQI,Test Driver,data/AUTOMOBILE/22732234.pdf,2004-01-09,"Jl. Jengkol No. 99, Blitar",081289123456
317,66,4HMaD,RAF1,Chemical Engineer,data/ENGINEERING/15601399.pdf,2003-05-15,"Jl. Salak No. 6, Sorong",082177712345
318,63,AhM4d,R4fi,Construction Worker,data/CONSTRUCTION/12654876.pdf,2003-08-28,"Jl. Rambutan No. 17, Kupang",081278765432
319,32,HA1K4L,ASSY4UQ1,,data/AVIATION/12904972.pdf,2004-07-22,"Jl. Sukun No. 19, Pekanbaru",082122334456
320,64,4Hmad,RAFI,Sustainability Consultant,data/CONSULTANT/12955994.pdf,2003-07-04,"Jl. Flamboyan No. 34, Tual",082134598721
321,15,Ariel,Herfrison,Bank Manager,data/BANKING/16300459.pdf,2003-12-10,"Jl. Durian No. 6, Cirebon",081277789912
322,77,1kHw4N,4lHaKIM,Cost Control Specialist,data/ACCOUNTANT/12442909.pdf,2003-07-23,"Jl. Singkong No. 9, Prabumulih",081245678912
323,72,IKHW4N,ALH4KIM,Vehicle Designer,data/AUTOMOBILE/16332293.pdf,2003-10-25,"Jl. Delima No. 2, Tebing Tinggi",082167891234
324,42,RAD3N,FRANC15CO,Sales Operations Analyst,data/SALES/15273850.pdf,2004-06-13,"Jl. Kamboja No. 23, Pontianak",082145637291
325,42,RAD3N,FRANC15CO,Talent Acquisition Manager,data/HR/13376919.pdf,2004-06-13,"Jl. Kamboja No. 23, Pontianak",082145637291
326,59,ALaNd,MuLiA,Packaging Designer,data/DESIGNER/11958994.pdf,2003-02-26,"Jl. Tomat No. 3, Ambon",081245677899
327,67,4hmad,Rafi,Legal Consultant,data/CONSULTANT/12374933.pdf,2003-11-03,"Jl. Teratai No. 9, Langsa",081287654398
328,2,MOH4MM4D,NUGR4H4,Executive Chef,data/CHEF/11432686.pdf,2004-03-22,"Jl. Melati No. 45, Bandung",082123456781
329,68,AHm4d,RaF1,Sales Executive,data/SALES/14358578.pdf,2004-06-01,"Jl. Melati No. 29, Palopo",082134589743
330,45,r4d3n,fr4nc1sco,,data/FINANCE/15792052.pdf,2004-01-31,"Jl. Mangga No. 56, Metro",081267891255
331,6,MoH4mM4d,NugR4h4,Software Developer,data/INFORMATION-TECHNOLOGY/12763627.pdf,2003-12-30,"Jl. Anggrek No. 18, Medan",082143256789
332,71,1khw4n,4lH4k1m,UX/UI Designer,data/DESIGNER/11722421.pdf,2003-06-06,"Jl. Kenari No. 23, Pariaman",081223456789
333,66,4HMaD,RAF1,Sales Executive,data/SALES/10603337.pdf,2003-05-15,"Jl. Salak No. 6, Sorong",082177712345
334,30,FARH4N,NAFIS,Costume Designer,data/APPAREL/12669075.pdf,2003-09-28,"Jl. Flamboyan No. 5, Banjarmasin",082133344455
335,40,HA1KAL,455y4UQ1,Radiologist,data/HEALTHCARE/13565152.pdf,2003-02-18,"Jl. Kapuk No. 4, Probolinggo",082145612378
336,36,H41K4L,455YAUQ1,Client Acquisition Manager,data/BUSINESS-DEVELOPMENT/12059198.pdf,2004-03-30,"Jl. Srikaya No. 34, Pangkalpinang",082187654321
337,14,AR1EL,H3RFR1S0N,Catering Manager,data/CHEF/10001727.pdf,2003-02-09,"Jl. Rambutan No. 88, Bogor",082199876543
338,47,RaD3n,FrAnC1sco,Social Media Manager,data/DIGITAL-MEDIA/14771530.pdf,2003-11-19,"Jl. Apel No. 13, Lhokseumawe",081212343434
339,72,IKHW4N,ALH4KIM,Vehicle Dynamics Analyst,data/AUTOMOBILE/16332293.pdf,2003-10-25,"Jl. Delima No. 2, Tebing Tinggi",082167891234
340,28,FARH4N,N4f15,Reconciliation Officer,data/ACCOUNTANT/11759079.pdf,2003-07-07,"Jl. Ketapang No. 23, Kendari",082111122233
341,18,Ari3L,HerfR150n,Stylist,data/APPAREL/14304010.pdf,2003-10-06,"Jl. Kedondong No. 70, Solo",082198123456
342,59,ALaNd,MuLiA,,data/INFORMATION-TECHNOLOGY/10089434.pdf,2003-02-26,"Jl. Tomat No. 3, Ambon",081245677899
343,13,4riel,Herfris0n,Electrical Engineer,data/ENGINEERING/14554542.pdf,2003-11-23,"Jl. Mangga No. 55, Tangerang",081276543219
344,69,Ahmad,RAFI,Retail Banker,data/BANKING/15856762.pdf,2003-10-10,"Jl. Cemara No. 77, Lubuklinggau",081298765411
345,54,ALAND,MULIA,Treasury Analyst,data/BANKING/12021752.pdf,2003-05-01,"Jl. Petai No. 21, Kuningan",082199112233
346,10,M0h4mM4D,NUGRAHA,Instructional Coach,data/TEACHER/13296856.pdf,2003-07-07,"Jl. Pisang No. 66, Denpasar",081399988877
347,27,f4RH4N,NAFIS,UX/UI Designer,data/DESIGNER/13998435.pdf,2004-03-03,"Jl. Tanjung No. 13, Palu",081267891234
348,2,MOH4MM4D,NUGR4H4,Healthcare Administrator,data/HEALTHCARE/10251432.pdf,2004-03-22,"Jl. Melati No. 45, Bandung",082123456781
349,65,Ahm4d,r4f1,Environmental Engineer,data/ENGINEERING/11890896.pdf,2004-02-12,"Jl. Meranti No. 18, Tidore",081233498765
350,70,4HMAD,r4f1,Chemical Engineer,data/ENGINEERING/14206561.pdf,2004-01-01,"Jl. Apel No. 89, Subulussalam",082134672298
351,27,f4RH4N,NAFIS,Operations Manager,data/BPO/26829350.pdf,2004-03-03,"Jl. Tanjung No. 13, Palu",081267891234
352,73,IkHwan,AlHak1m,,data/CONSULTANT/13313917.pdf,2004-03-18,"Jl. Mahoni No. 44, Binjai",081212398765
353,45,r4d3n,fr4nc1sco,Retail Sales Associate,data/SALES/15620421.pdf,2004-01-31,"Jl. Mangga No. 56, Metro",081267891255
354,15,Ariel,Herfrison,Pest Management Specialist,data/AGRICULTURE/11197262.pdf,2003-12-10,"Jl. Durian No. 6, Cirebon",081277789912
355,40,HA1KAL,455y4UQ1,Air Traffic Controller,data/AVIATION/12192507.pdf,2003-02-18,"Jl. Kapuk No. 4, Probolinggo",082145612378
356,34,H41k4L,Assyauqi,Content Strategist,data/DIGITAL-MEDIA/15353911.pdf,2003-09-14,"Jl. Pepaya No. 77, Cianjur",082198772112
357,2,MOH4MM4D,NUGR4H4,Financial Planner,data/FINANCE/11441764.pdf,2004-03-22,"Jl. Melati No. 45, Bandung",082123456781
358,62,AHMAD,RAFI,Marketing Consultant,data/CONSULTANT/13215696.pdf,2004-04-19,"Jl. Pinus No. 21, Mataram",082176543210
359,60,Aland,MuL1A,Quality Control Inspector,data/AUTOMOBILE/22452756.pdf,2003-11-11,"Jl. Rambutan No. 67, Bau-Bau",082165432198
360,72,IKHW4N,ALH4KIM,HR Business Partner,data/HR/11763983.pdf,2003-10-25,"Jl. Delima No. 2, Tebing Tinggi",082167891234
361,69,Ahmad,RAFI,Public Affairs Specialist,data/PUBLIC-RELATIONS/12191094.pdf,2003-10-10,"Jl. Cemara No. 77, Lubuklinggau",081298765411
362,16,ar13l,h3rfr150n,Civil Engineer,data/CONSTRUCTION/12212468.pdf,2004-06-18,"Jl. Nangka No. 90, Padang",082134556789
363,42,RAD3N,FRANC15CO,Email Marketing Specialist,data/DIGITAL-MEDIA/14209965.pdf,2004-06-13,"Jl. Kamboja No. 23, Pontianak",082145637291
364,43,R4den,Francisco,Litigation Associate,data/ADVOCATE/10818478.pdf,2003-04-04,"Jl. Cemara No. 88, Pekalongan",081223489127
365,24,Farh4n,N4FIS,Financial Consultant,data/CONSULTANT/11415967.pdf,2004-01-30,"Jl. Anyelir No. 1, Kediri",082134987621
366,4,Mohammad,NUGR4H4,Public Affairs Specialist,data/PUBLIC-RELATIONS/10873344.pdf,2004-01-17,"Jl. Sakura No. 4, Semarang",082134567892
367,59,ALaNd,MuLiA,,data/APPAREL/13764840.pdf,2003-02-26,"Jl. Tomat No. 3, Ambon",081245677899
368,63,AhM4d,R4fi,Subject Matter Expert,data/TEACHER/16270906.pdf,2003-08-28,"Jl. Rambutan No. 17, Kupang",081278765432
369,60,Aland,MuL1A,Speechwriter,data/PUBLIC-RELATIONS/10926726.pdf,2003-11-11,"Jl. Rambutan No. 67, Bau-Bau",082165432198
370,56,AlaNd,MuL14,Tax Analyst,data/ACCOUNTANT/13294301.pdf,2004-03-20,"Jl. Pisang No. 4, Singkawang",082122223456
371,80,1KHw4N,4LHAKIM,Pastry Chef,data/CHEF/10889157.pdf,2004-01-19,"Jl. Mangga No. 60, Padang Panjang",082166655544
372,30,FARH4N,NAFIS,,data/FINANCE/16449850.pdf,2003-09-28,"Jl. Flamboyan No. 5, Banjarmasin",082133344455
373,52,AL4ND,MUL1A,Environmental Engineer,data/ENGINEERING/13149176.pdf,2003-10-21,"Jl. Waru No. 8, Salatiga",082134556677
374,37,h41K4L,Assy4Uq1,Ramp Agent,data/AVIATION/10567764.pdf,2003-11-11,"Jl. Damar No. 90, Mojokerto",081232345678
375,15,Ariel,Herfrison,Fabric Researcher,data/APPAREL/13418452.pdf,2003-12-10,"Jl. Durian No. 6, Cirebon",081277789912
376,45,r4d3n,fr4nc1sco,Treasury Analyst,data/FINANCE/15792052.pdf,2004-01-31,"Jl. Mangga No. 56, Metro",081267891255
377,79,IKHWAN,Alh4k1M,,data/CHEF/11444536.pdf,2003-03-27,"Jl. Nangka No. 14, Solok",081277788899
378,12,AR13L,H3RFR1S0N,Business Development Executive,data/BUSINESS-DEVELOPMENT/11289482.pdf,2003-08-03,"Jl. Sawo No. 11, Depok",082154321789
379,63,AhM4d,R4fi,Investment Analyst,data/FINANCE/11877150.pdf,2003-08-28,"Jl. Rambutan No. 17, Kupang",081278765432
380,70,4HMAD,r4f1,Database Administrator,data/INFORMATION-TECHNOLOGY/10839851.pdf,2004-01-01,"Jl. Apel No. 89, Subulussalam",082134672298
381,28,FARH4N,N4f15,Training and Development Manager,data/HR/10694288.pdf,2003-07-07,"Jl. Ketapang No. 23, Kendari",082111122233
382,1,Moh4mm4d,Nu9r4h4,IT Consultant,data/CONSULTANT/14593060.pdf,2003-06-14,"Jl. Kenanga No. 12, Jakarta",081234567891
383,3,M0hammad,Nugr4h4,Investment Analyst,data/FINANCE/17392859.pdf,2003-11-05,"Jl. Cemara No. 7, Surabaya",081345678912
384,57,4L4ND,MUL1A,,data/DIGITAL-MEDIA/12085736.pdf,2004-01-14,"Jl. Durian No. 15, Ternate",081256789456
385,34,H41k4L,Assyauqi,Risk Compliance Analyst,data/ACCOUNTANT/13491889.pdf,2003-09-14,"Jl. Pepaya No. 77, Cianjur",082198772112
386,70,4HMAD,r4f1,,data/DESIGNER/10466583.pdf,2004-01-01,"Jl. Apel No. 89, Subulussalam",082134672298
387,16,ar13l,h3rfr150n,Mortgage Advisor,data/BANKING/13982572.pdf,2004-06-18,"Jl. Nangka No. 90, Padang",082134556789
388,51,4l4nd,MuL14,Quality Control Inspector,data/AUTOMOBILE/11797122.pdf,2003-07-10,"Jl. Lontar No. 13, Pematangsiantar",081234559999
389,40,HA1KAL,455y4UQ1,Stylist,data/APPAREL/12122372.pdf,2003-02-18,"Jl. Kapuk No. 4, Probolinggo",082145612378
390,74,1KHWAN,4lH4KIM,Media Buyer,data/DIGITAL-MEDIA/13837784.pdf,2003-09-20,"Jl. Tanjung No. 15, Tanjungpinang",082123456781
391,70,4HMAD,r4f1,Vehicle Designer,data/AUTOMOBILE/15790602.pdf,2004-01-01,"Jl. Apel No. 89, Subulussalam",082134672298
392,36,H41K4L,455YAUQ1,Quality Assurance Inspector,data/APPAREL/13858219.pdf,2004-03-30,"Jl. Srikaya No. 34, Pangkalpinang",082187654321
393,43,R4den,Francisco,Service Manager,data/AUTOMOBILE/18932512.pdf,2003-04-04,"Jl. Cemara No. 88, Pekalongan",081223489127
394,61,4hm4d,R4f1,Agronomist,data/AGRICULTURE/17640785.pdf,2003-09-12,"Jl. Ketapang No. 3, Tarakan",081256712348
395,19,Arie1,HERFRISON,Management Consultant,data/CONSULTANT/14346702.pdf,2004-02-03,"Jl. Jambu No. 20, Balikpapan",081256789123
396,51,4l4nd,MuL14,Nurse,data/HEALTHCARE/12938200.pdf,2003-07-10,"Jl. Lontar No. 13, Pematangsiantar",081234559999
397,26,F4RH4N,N4F15,HR Consultant,data/CONSULTANT/12251115.pdf,2003-10-25,"Jl. Dahlia No. 44, Manado",082198726154
398,51,4l4nd,MuL14,,data/SALES/13637605.pdf,2003-07-10,"Jl. Lontar No. 13, Pematangsiantar",081234559999
399,65,Ahm4d,r4f1,Criminal Lawyer,data/ADVOCATE/14064815.pdf,2004-02-12,"Jl. Meranti No. 18, Tidore",081233498765
400,70,4HMAD,r4f1,Graphic Designer,data/DESIGNER/10466583.pdf,2004-01-01,"Jl. Apel No. 89, Subulussalam",082134672298
401,50,R4d3N,FRANCISCO,Illustrator,data/ARTS/13272204.pdf,2003-08-08,"Jl. Cempaka No. 6, Tarakan",082122456789
402,10,M0h4mM4D,NUGRAHA,Account Executive,data/BUSINESS-DEVELOPMENT/12546838.pdf,2003-07-07,"Jl. Pisang No. 66, Denpasar",081399988877
403,33,Haikal,Assy4uqi,Lecturer,data/TEACHER/13855004.pdf,2003-12-03,"Jl. Nanas No. 33, Tegal",081267845129
404,80,1KHw4N,4LHAKIM,Payroll Officer,data/HR/14886205.pdf,2004-01-19,"Jl. Mangga No. 60, Padang Panjang",082166655544
405,53,Al4nd,Muli4,Partnership Manager,data/BUSINESS-DEVELOPMENT/13199813.pdf,2004-06-12,"Jl. Belimbing No. 90, Blora",081233445566
406,61,4hm4d,R4f1,Farm Manager,data/AGRICULTURE/17640785.pdf,2003-09-12,"Jl. Ketapang No. 3, Tarakan",081256712348
407,8,Mohammad,NUGRAHA,Soil Scientist,data/AGRICULTURE/15546686.pdf,2004-02-11,"Jl. Apel No. 2, Palembang",081345679123
408,59,ALaNd,MuLiA,Aircraft Maintenance Engineer,data/AVIATION/11804712.pdf,2003-02-26,"Jl. Tomat No. 3, Ambon",081245677899
409,27,f4RH4N,NAFIS,,data/FINANCE/12858898.pdf,2004-03-03,"Jl. Tanjung No. 13, Palu",081267891234
410,46,RADEN,FRANCISCO,IT Consultant,data/CONSULTANT/10984392.pdf,2004-04-17,"Jl. Anggrek No. 45, Bitung",082198123785
411,23,F4rH4n,Nafis,Pharmacist,data/HEALTHCARE/11605833.pdf,2003-08-09,"Jl. Lili No. 7, Madiun",081267898712
412,40,HA1KAL,455y4UQ1,Sales Operations Analyst,data/SALES/14381464.pdf,2003-02-18,"Jl. Kapuk No. 4, Probolinggo",082145612378
413,50,R4d3N,FRANCISCO,,data/AUTOMOBILE/11152490.pdf,2003-08-08,"Jl. Cempaka No. 6, Tarakan",082122456789
414,38,Ha1KaL,Assy4UqI,Muralist,data/ARTS/14150896.pdf,2003-06-28,"Jl. Jati No. 6, Magelang",082167849512
415,8,Mohammad,NUGRAHA,,data/AGRICULTURE/15546686.pdf,2004-02-11,"Jl. Apel No. 2, Palembang",081345679123
416,67,4hmad,Rafi,Safety Officer,data/CONSTRUCTION/14585273.pdf,2003-11-03,"Jl. Teratai No. 9, Langsa",081287654398
417,68,AHm4d,RaF1,,data/DIGITAL-MEDIA/14556869.pdf,2004-06-01,"Jl. Melati No. 29, Palopo",082134589743
418,31,H41k4l,455y4uq1,Personal Trainer,data/FITNESS/11522068.pdf,2003-05-15,"Jl. Alpukat No. 13, Surakarta",081222334455
419,52,AL4ND,MUL1A,Art Teacher,data/ARTS/16887936.pdf,2003-10-21,"Jl. Waru No. 8, Salatiga",082134556677
420,31,H41k4l,455y4uq1,,data/AVIATION/12144825.pdf,2003-05-15,"Jl. Alpukat No. 13, Surakarta",081222334455
421,6,MoH4mM4d,NugR4h4,Mortgage Advisor,data/BANKING/11842348.pdf,2003-12-30,"Jl. Anggrek No. 18, Medan",082143256789
422,71,1khw4n,4lH4k1m,Retail Banker,data/BANKING/10909673.pdf,2003-06-06,"Jl. Kenari No. 23, Pariaman",081223456789
423,18,Ari3L,HerfR150n,Operations Manager,data/BPO/57706851.pdf,2003-10-06,"Jl. Kedondong No. 70, Solo",082198123456
424,72,IKHW4N,ALH4KIM,,data/HR/11763983.pdf,2003-10-25,"Jl. Delima No. 2, Tebing Tinggi",082167891234
425,53,Al4nd,Muli4,Art Teacher,data/ARTS/17325147.pdf,2004-06-12,"Jl. Belimbing No. 90, Blora",081233445566
426,60,Aland,MuL1A,,data/ADVOCATE/14146106.pdf,2003-11-11,"Jl. Rambutan No. 67, Bau-Bau",082165432198
427,79,IKHWAN,Alh4k1M,Agricultural Engineer,data/AGRICULTURE/16653657.pdf,2003-03-27,"Jl. Nangka No. 14, Solok",081277788899
428,32,HA1K4L,ASSY4UQ1,Healthcare Administrator,data/HEALTHCARE/12333703.pdf,2004-07-22,"Jl. Sukun No. 19, Pekanbaru",082122334456
429,59,ALaNd,MuLiA,,data/AUTOMOBILE/23522150.pdf,2003-02-26,"Jl. Tomat No. 3, Ambon",081245677899
430,74,1KHWAN,4lH4KIM,Garde Manger,data/CHEF/11121498.pdf,2003-09-20,"Jl. Tanjung No. 15, Tanjungpinang",082123456781
431,43,R4den,Francisco,Quality Assurance Inspector,data/APPAREL/10182582.pdf,2003-04-04,"Jl. Cemara No. 88, Pekalongan",081223489127
432,42,RAD3N,FRANC15CO,Pest Management Specialist,data/AGRICULTURE/11813872.pdf,2004-06-13,"Jl. Kamboja No. 23, Pontianak",082145637291
433,53,Al4nd,Muli4,Test Driver,data/AUTOMOBILE/18448085.pdf,2004-06-12,"Jl. Belimbing No. 90, Blora",081233445566
434,51,4l4nd,MuL14,Ramp Agent,data/AVIATION/12504278.pdf,2003-07-10,"Jl. Lontar No. 13, Pematangsiantar",081234559999
435,10,M0h4mM4D,NUGRAHA,Corporate Counsel,data/ADVOCATE/13909762.pdf,2003-07-07,"Jl. Pisang No. 66, Denpasar",081399988877
436,48,RaDen,FrAnC1SCo,PPC Specialist,data/DIGITAL-MEDIA/13343786.pdf,2003-03-09,"Jl. Pisang No. 7, Sibolga",082199998877
437,40,HA1KAL,455y4UQ1,Building Inspector,data/CONSTRUCTION/10281555.pdf,2003-02-18,"Jl. Kapuk No. 4, Probolinggo",082145612378
438,80,1KHw4N,4LHAKIM,CrossFit Coach,data/FITNESS/10333051.pdf,2004-01-19,"Jl. Mangga No. 60, Padang Panjang",082166655544
439,56,AlaNd,MuL14,,data/ACCOUNTANT/13294301.pdf,2004-03-20,"Jl. Pisang No. 4, Singkawang",082122223456
440,68,AHm4d,RaF1,Sales Operations Analyst,data/SALES/14358578.pdf,2004-06-01,"Jl. Melati No. 29, Palopo",082134589743
441,36,H41K4L,455YAUQ1,Media Buyer,data/DIGITAL-MEDIA/13328680.pdf,2004-03-30,"Jl. Srikaya No. 34, Pangkalpinang",082187654321
442,53,Al4nd,Muli4,Architectural Drafter,data/CONSTRUCTION/12491898.pdf,2004-06-12,"Jl. Belimbing No. 90, Blora",081233445566
443,34,H41k4L,Assyauqi,CAD Designer,data/AUTOMOBILE/17510973.pdf,2003-09-14,"Jl. Pepaya No. 77, Cianjur",082198772112
444,37,h41K4L,Assy4Uq1,Cost Accountant,data/FINANCE/16426777.pdf,2003-11-11,"Jl. Damar No. 90, Mojokerto",081232345678
445,69,Ahmad,RAFI,Corporate Spokesperson,data/PUBLIC-RELATIONS/12191094.pdf,2003-10-10,"Jl. Cemara No. 77, Lubuklinggau",081298765411
446,71,1khw4n,4lH4k1m,Compliance Officer,data/BANKING/14391434.pdf,2003-06-06,"Jl. Kenari No. 23, Pariaman",081223456789
447,6,MoH4mM4d,NugR4h4,,data/SALES/10464113.pdf,2003-12-30,"Jl. Anggrek No. 18, Medan",082143256789
448,52,AL4ND,MUL1A,Illustrator,data/ARTS/16887936.pdf,2003-10-21,"Jl. Waru No. 8, Salatiga",082134556677
449,56,AlaNd,MuL14,Sales Executive,data/SALES/10898339.pdf,2004-03-20,"Jl. Pisang No. 4, Singkawang",082122223456
450,56,AlaNd,MuL14,Billing Analyst,data/ACCOUNTANT/13294301.pdf,2004-03-20,"Jl. Pisang No. 4, Singkawang",082122223456
451,50,R4d3N,FRANCISCO,Sculptor,data/ARTS/13272204.pdf,2003-08-08,"Jl. Cempaka No. 6, Tarakan",082122456789
452,56,AlaNd,MuL14,Business Development Representative,data/SALES/10898339.pdf,2004-03-20,"Jl. Pisang No. 4, Singkawang",082122223456
453,63,AhM4d,R4fi,,data/SALES/14267489.pdf,2003-08-28,"Jl. Rambutan No. 17, Kupang",081278765432
454,34,H41k4L,Assyauqi,Digital Marketing Analyst,data/DIGITAL-MEDIA/15353911.pdf,2003-09-14,"Jl. Pepaya No. 77, Cianjur",082198772112
455,42,RAD3N,FRANC15CO,Curriculum Developer,data/TEACHER/13583538.pdf,2004-06-13,"Jl. Kamboja No. 23, Pontianak",082145637291
456,6,MoH4mM4d,NugR4h4,Frontend Developer,data/INFORMATION-TECHNOLOGY/12763627.pdf,2003-12-30,"Jl. Anggrek No. 18, Medan",082143256789
457,47,RaD3n,FrAnC1sco,Agricultural Engineer,data/AGRICULTURE/15053703.pdf,2003-11-19,"Jl. Apel No. 13, Lhokseumawe",081212343434
458,15,Ariel,Herfrison,Agronomist,data/AGRICULTURE/11197262.pdf,2003-12-10,"Jl. Durian No. 6, Cirebon",081277789912
459,15,Ariel,Herfrison,,data/BANKING/16300459.pdf,2003-12-10,"Jl. Durian No. 6, Cirebon",081277789912
460,51,4l4nd,MuL14,,data/SALES/13178604.pdf,2003-07-10,"Jl. Lontar No. 13, Pematangsiantar",081234559999
461,13,4riel,Herfris0n,Risk Consultant,data/CONSULTANT/13586069.pdf,2003-11-23,"Jl. Mangga No. 55, Tangerang",081276543219
462,36,H41K4L,455YAUQ1,,data/APPAREL/13858219.pdf,2004-03-30,"Jl. Srikaya No. 34, Pangkalpinang",082187654321
463,45,r4d3n,fr4nc1sco,Treasury Analyst,data/FINANCE/14106638.pdf,2004-01-31,"Jl. Mangga No. 56, Metro",081267891255
464,32,HA1K4L,ASSY4UQ1,Radiologist,data/HEALTHCARE/12333703.pdf,2004-07-22,"Jl. Sukun No. 19, Pekanbaru",082122334456
465,1,Moh4mm4d,Nu9r4h4,Business Development Representative,data/SALES/12351749.pdf,2003-06-14,"Jl. Kenanga No. 12, Jakarta",081234567891
466,43,R4den,Francisco,Quality Assurance Inspector,data/APPAREL/10182582.pdf,2003-04-04,"Jl. Cemara No. 88, Pekalongan",081223489127
467,12,AR13L,H3RFR1S0N,Cost Control Specialist,data/ACCOUNTANT/10554236.pdf,2003-08-03,"Jl. Sawo No. 11, Depok",082154321789
468,42,RAD3N,FRANC15CO,Payroll Officer,data/HR/14640322.pdf,2004-06-13,"Jl. Kamboja No. 23, Pontianak",082145637291
469,28,FARH4N,N4f15,,data/ACCOUNTANT/11759079.pdf,2003-07-07,"Jl. Ketapang No. 23, Kendari",082111122233
470,25,f4rhan,naf15,Customer Support Executive,data/BPO/15145575.pdf,2003-04-17,"Jl. Teratai No. 5, Tasikmalaya",081233221234
471,30,FARH4N,NAFIS,Pattern Maker,data/APPAREL/12669075.pdf,2003-09-28,"Jl. Flamboyan No. 5, Banjarmasin",082133344455
472,56,AlaNd,MuL14,Corporate Spokesperson,data/PUBLIC-RELATIONS/12545844.pdf,2004-03-20,"Jl. Pisang No. 4, Singkawang",082122223456
473,39,Haikal,ASSYAUQI,Recruitment Specialist,data/HR/15575117.pdf,2004-01-09,"Jl. Jengkol No. 99, Blitar",081289123456
474,52,AL4ND,MUL1A,Pharmacist,data/HEALTHCARE/14667957.pdf,2003-10-21,"Jl. Waru No. 8, Salatiga",082134556677
475,19,Arie1,HERFRISON,Criminal Lawyer,data/ADVOCATE/10186968.pdf,2004-02-03,"Jl. Jambu No. 20, Balikpapan",081256789123
476,64,4Hmad,RAFI,Marketing Consultant,data/CONSULTANT/12955994.pdf,2003-07-04,"Jl. Flamboyan No. 34, Tual",082134598721
477,38,Ha1KaL,Assy4UqI,Art Director,data/ARTS/14150896.pdf,2003-06-28,"Jl. Jati No. 6, Magelang",082167849512
478,55,4l4nd,muli4,Pilates Instructor,data/FITNESS/12695799.pdf,2003-09-29,"Jl. Pinang No. 99, Bangkalan",081223334455
479,56,AlaNd,MuL14,Aircraft Maintenance Engineer,data/AVIATION/10945968.pdf,2004-03-20,"Jl. Pisang No. 4, Singkawang",082122223456
480,76,1khwan,4lh4k1m,DevOps Engineer,data/INFORMATION-TECHNOLOGY/13836471.pdf,2003-01-12,"Jl. Bayam No. 11, Pangkalpinang",082154321987
481,73,IkHwan,AlHak1m,Avionics Technician,data/AVIATION/11333001.pdf,2004-03-18,"Jl. Mahoni No. 44, Binjai",081212398765
482,55,4l4nd,muli4,Legal Researcher,data/ADVOCATE/12544735.pdf,2003-09-29,"Jl. Pinang No. 99, Bangkalan",081223334455
483,18,Ari3L,HerfR150n,Event Coordinator,data/PUBLIC-RELATIONS/11160414.pdf,2003-10-06,"Jl. Kedondong No. 70, Solo",082198123456
484,14,AR1EL,H3RFR1S0N,3D Modeler,data/DESIGNER/12547982.pdf,2003-02-09,"Jl. Rambutan No. 88, Bogor",082199876543
485,68,AHm4d,RaF1,SEO Specialist,data/DIGITAL-MEDIA/14556869.pdf,2004-06-01,"Jl. Melati No. 29, Palopo",082134589743
486,74,1KHWAN,4lH4KIM,Press Secretary,data/PUBLIC-RELATIONS/10070224.pdf,2003-09-20,"Jl. Tanjung No. 15, Tanjungpinang",082123456781
487,26,F4RH4N,N4F15,Commis Chef,data/CHEF/10333299.pdf,2003-10-25,"Jl. Dahlia No. 44, Manado",082198726154
488,58,AlaND,MULIA,Aviation Safety Officer,data/AVIATION/11959428.pdf,2003-12-07,"Jl. Duku No. 5, Bima",082134567812
489,23,F4rH4n,Nafis,Client Acquisition Manager,data/BUSINESS-DEVELOPMENT/14055971.pdf,2003-08-09,"Jl. Lili No. 7, Madiun",081267898712
490,27,f4RH4N,NAFIS,Payroll Officer,data/HR/11698189.pdf,2004-03-03,"Jl. Tanjung No. 13, Palu",081267891234
491,1,Moh4mm4d,Nu9r4h4,Retail Banker,data/BANKING/16407619.pdf,2003-06-14,"Jl. Kenanga No. 12, Jakarta",081234567891
492,51,4l4nd,MuL14,Team Leader,data/BPO/41152404.pdf,2003-07-10,"Jl. Lontar No. 13, Pematangsiantar",081234559999
493,38,Ha1KaL,Assy4UqI,Speechwriter,data/PUBLIC-RELATIONS/14128006.pdf,2003-06-28,"Jl. Jati No. 6, Magelang",082167849512
494,18,Ari3L,HerfR150n,Corporate Counsel,data/ADVOCATE/11773767.pdf,2003-10-06,"Jl. Kedondong No. 70, Solo",082198123456
495,16,ar13l,h3rfr150n,Architectural Drafter,data/CONSTRUCTION/12212468.pdf,2004-06-18,"Jl. Nangka No. 90, Padang",082134556789
496,76,1khwan,4lh4k1m,Legal Researcher,data/ADVOCATE/14176254.pdf,2003-01-12,"Jl. Bayam No. 11, Pangkalpinang",082154321987
497,24,Farh4n,N4FIS,Executive Chef,data/CHEF/12254068.pdf,2004-01-30,"Jl. Anyelir No. 1, Kediri",082134987621
498,24,Farh4n,N4FIS,Pastry Chef,data/CHEF/12254068.pdf,2004-01-30,"Jl. Anyelir No. 1, Kediri",082134987621
499,31,H41k4l,455y4uq1,Ramp Agent,data/AVIATION/12144825.pdf,2003-05-15,"Jl. Alpukat No. 13, Surakarta",081222334455
500,51,4l4nd,MuL14,,data/SALES/13637605.pdf,2003-07-10,"Jl. Lontar No. 13, Pematangsiantar",081234559999
501,52,AL4ND,MUL1A,Treasury Analyst,data/BANKING/17131084.pdf,2003-10-21,"Jl. Waru No. 8, Salatiga",082134556677
502,49,r4d3n,Francisco,Financial Analyst,data/FINANCE/15224503.pdf,2004-02-23,"Jl. Duku No. 70, Serang",081288899900
503,19,Arie1,HERFRISON,Agronomist,data/AGRICULTURE/14140903.pdf,2004-02-03,"Jl. Jambu No. 20, Balikpapan",081256789123
504,73,IkHwan,AlHak1m,,data/AVIATION/11333001.pdf,2004-03-18,"Jl. Mahoni No. 44, Binjai",081212398765
505,53,Al4nd,Muli4,Vehicle Dynamics Analyst,data/AUTOMOBILE/18448085.pdf,2004-06-12,"Jl. Belimbing No. 90, Blora",081233445566
506,47,RaD3n,FrAnC1sco,,data/BUSINESS-DEVELOPMENT/11088337.pdf,2003-11-19,"Jl. Apel No. 13, Lhokseumawe",081212343434
507,77,1kHw4N,4lHaKIM,Treasury Analyst,data/BANKING/13173522.pdf,2003-07-23,"Jl. Singkong No. 9, Prabumulih",081245678912
508,74,1KHWAN,4lH4KIM,Commis Chef,data/CHEF/11121498.pdf,2003-09-20,"Jl. Tanjung No. 15, Tanjungpinang",082123456781
509,26,F4RH4N,N4F15,Group Fitness Coordinator,data/FITNESS/13037145.pdf,2003-10-25,"Jl. Dahlia No. 44, Manado",082198726154
510,38,Ha1KaL,Assy4UqI,Corporate Spokesperson,data/PUBLIC-RELATIONS/11850315.pdf,2003-06-28,"Jl. Jati No. 6, Magelang",082167849512
511,48,RaDen,FrAnC1SCo,Systems Analyst,data/INFORMATION-TECHNOLOGY/13385306.pdf,2003-03-09,"Jl. Pisang No. 7, Sibolga",082199998877
512,36,H41K4L,455YAUQ1,Partnership Manager,data/BUSINESS-DEVELOPMENT/12059198.pdf,2004-03-30,"Jl. Srikaya No. 34, Pangkalpinang",082187654321
513,49,r4d3n,Francisco,Transmission Engineer,data/AUTOMOBILE/23009962.pdf,2004-02-23,"Jl. Duku No. 70, Serang",081288899900
514,39,Haikal,ASSYAUQI,HR Generalist,data/HR/15575117.pdf,2004-01-09,"Jl. Jengkol No. 99, Blitar",081289123456
515,63,AhM4d,R4fi,Sustainability Consultant,data/CONSULTANT/15083600.pdf,2003-08-28,"Jl. Rambutan No. 17, Kupang",081278765432
516,77,1kHw4N,4lHaKIM,Compensation Analyst,data/HR/11847784.pdf,2003-07-23,"Jl. Singkong No. 9, Prabumulih",081245678912
517,50,R4d3N,FRANCISCO,Automobile Engineer,data/AUTOMOBILE/11152490.pdf,2003-08-08,"Jl. Cempaka No. 6, Tarakan",082122456789
518,18,Ari3L,HerfR150n,Corporate Counsel,data/ADVOCATE/11773767.pdf,2003-10-06,"Jl. Kedondong No. 70, Solo",082198123456
519,24,Farh4n,N4FIS,Cloud Architect,data/INFORMATION-TECHNOLOGY/11957080.pdf,2004-01-30,"Jl. Anyelir No. 1, Kediri",082134987621
520,71,1khw4n,4lH4k1m,,data/DESIGNER/11722421.pdf,2003-06-06,"Jl. Kenari No. 23, Pariaman",081223456789
521,53,Al4nd,Muli4,Yoga Trainer,data/FITNESS/12923795.pdf,2004-06-12,"Jl. Belimbing No. 90, Blora",081233445566
522,36,H41K4L,455YAUQ1,Quality Assurance Inspector,data/APPAREL/13858219.pdf,2004-03-30,"Jl. Srikaya No. 34, Pangkalpinang",082187654321
523,19,Arie1,HERFRISON,HR Consultant,data/CONSULTANT/14346702.pdf,2004-02-03,"Jl. Jambu No. 20, Balikpapan",081256789123
524,12,AR13L,H3RFR1S0N,Environmental Engineer,data/ENGINEERING/12022566.pdf,2003-08-03,"Jl. Sawo No. 11, Depok",082154321789
525,37,h41K4L,Assy4Uq1,Cloud Architect,data/INFORMATION-TECHNOLOGY/12635195.pdf,2003-11-11,"Jl. Damar No. 90, Mojokerto",081232345678
526,52,AL4ND,MUL1A,Art Teacher,data/ARTS/16887936.pdf,2003-10-21,"Jl. Waru No. 8, Salatiga",082134556677
527,18,Ari3L,HerfR150n,Content Creator,data/DIGITAL-MEDIA/14036515.pdf,2003-10-06,"Jl. Kedondong No. 70, Solo",082198123456
528,74,1KHWAN,4lH4KIM,,data/PUBLIC-RELATIONS/10070224.pdf,2003-09-20,"Jl. Tanjung No. 15, Tanjungpinang",082123456781
529,22,FARH4N,N4F15,,data/BANKING/11262933.pdf,2003-06-15,"Jl. Wijaya Kusuma No. 4, Cimahi",082145678912
530,23,F4rH4n,Nafis,,data/CHEF/13411858.pdf,2003-08-09,"Jl. Lili No. 7, Madiun",081267898712
531,39,Haikal,ASSYAUQI,Automobile Engineer,data/AUTOMOBILE/22732234.pdf,2004-01-09,"Jl. Jengkol No. 99, Blitar",081289123456
532,64,4Hmad,RAFI,Operations Manager,data/BPO/18589927.pdf,2003-07-04,"Jl. Flamboyan No. 34, Tual",082134598721
533,70,4HMAD,r4f1,,data/DESIGNER/10466583.pdf,2004-01-01,"Jl. Apel No. 89, Subulussalam",082134672298
534,35,ha1k4l,455yauqi,Partnership Manager,data/BUSINESS-DEVELOPMENT/10289113.pdf,2003-01-01,"Jl. Sawo No. 21, Banjar",081212121212
535,63,AhM4d,R4fi,Construction Worker,data/CONSTRUCTION/12654876.pdf,2003-08-28,"Jl. Rambutan No. 17, Kupang",081278765432
536,4,Mohammad,NUGR4H4,Event Coordinator,data/PUBLIC-RELATIONS/10873344.pdf,2004-01-17,"Jl. Sakura No. 4, Semarang",082134567892
537,4,Mohammad,NUGR4H4,Press Secretary,data/PUBLIC-RELATIONS/10873344.pdf,2004-01-17,"Jl. Sakura No. 4, Semarang",082134567892
538,30,FARH4N,NAFIS,Costume Designer,data/APPAREL/12669075.pdf,2003-09-28,"Jl. Flamboyan No. 5, Banjarmasin",082133344455
539,47,RaD3n,FrAnC1sco,Crisis Manager,data/PUBLIC-RELATIONS/14009087.pdf,2003-11-19,"Jl. Apel No. 13, Lhokseumawe",081212343434
540,31,H41k4l,455y4uq1,Structural Engineer,data/CONSTRUCTION/12695537.pdf,2003-05-15,"Jl. Alpukat No. 13, Surakarta",081222334455
541,76,1khwan,4lh4k1m,,data/CHEF/10653119.pdf,2003-01-12,"Jl. Bayam No. 11, Pangkalpinang",082154321987
542,60,Aland,MuL1A,,data/ADVOCATE/14146106.pdf,2003-11-11,"Jl. Rambutan No. 67, Bau-Bau",082165432198
543,77,1kHw4N,4lHaKIM,Payroll Officer,data/HR/11847784.pdf,2003-07-23,"Jl. Singkong No. 9, Prabumulih",081245678912
544,35,ha1k4l,455yauqi,Electrical Engineer,data/ENGINEERING/10030015.pdf,2003-01-01,"Jl. Sawo No. 21, Banjar",081212121212
545,13,4riel,Herfris0n,Software Engineer,data/ENGINEERING/14554542.pdf,2003-11-23,"Jl. Mangga No. 55, Tangerang",081276543219
546,70,4HMAD,r4f1,UX/UI Designer,data/DESIGNER/10466583.pdf,2004-01-01,"Jl. Apel No. 89, Subulussalam",082134672298
547,28,FARH4N,N4f15,HR Generalist,data/HR/10694288.pdf,2003-07-07,"Jl. Ketapang No. 23, Kendari",082111122233
548,10,M0h4mM4D,NUGRAHA,Gallery Curator,data/ARTS/15306049.pdf,2003-07-07,"Jl. Pisang No. 66, Denpasar",081399988877
549,33,Haikal,Assy4uqi,Instructional Coach,data/TEACHER/13855004.pdf,2003-12-03,"Jl. Nanas No. 33, Tegal",081267845129
550,40,HA1KAL,455y4UQ1,,data/HEALTHCARE/13565152.pdf,2003-02-18,"Jl. Kapuk No. 4, Probolinggo",082145612378
551,42,RAD3N,FRANC15CO,,data/HR/13376919.pdf,2004-06-13,"Jl. Kamboja No. 23, Pontianak",082145637291
552,46,RADEN,FRANCISCO,Financial Consultant,data/CONSULTANT/10984392.pdf,2004-04-17,"Jl. Anggrek No. 45, Bitung",082198123785
553,55,4l4nd,muli4,Pilates Instructor,data/FITNESS/12695799.pdf,2003-09-29,"Jl. Pinang No. 99, Bangkalan",081223334455
554,13,4riel,Herfris0n,Curriculum Developer,data/TEACHER/13330982.pdf,2003-11-23,"Jl. Mangga No. 55, Tangerang",081276543219
555,19,Arie1,HERFRISON,Retail Sales Associate,data/SALES/15581242.pdf,2004-02-03,"Jl. Jambu No. 20, Balikpapan",081256789123
556,14,AR1EL,H3RFR1S0N,Kitchen Manager,data/CHEF/10001727.pdf,2003-02-09,"Jl. Rambutan No. 88, Bogor",082199876543
557,16,ar13l,h3rfr150n,,data/BANKING/13982572.pdf,2004-06-18,"Jl. Nangka No. 90, Padang",082134556789
558,56,AlaNd,MuL14,Packaging Designer,data/DESIGNER/14528265.pdf,2004-03-20,"Jl. Pisang No. 4, Singkawang",082122223456
559,53,Al4nd,Muli4,Civil Engineer,data/ENGINEERING/11981094.pdf,2004-06-12,"Jl. Belimbing No. 90, Blora",081233445566
560,28,FARH4N,N4f15,Financial Planner,data/ACCOUNTANT/11759079.pdf,2003-07-07,"Jl. Ketapang No. 23, Kendari",082111122233
561,74,1KHWAN,4lH4KIM,,data/HEALTHCARE/10466208.pdf,2003-09-20,"Jl. Tanjung No. 15, Tanjungpinang",082123456781
562,80,1KHw4N,4LHAKIM,Chef de Partie,data/CHEF/10889157.pdf,2004-01-19,"Jl. Mangga No. 60, Padang Panjang",082166655544
563,49,r4d3n,Francisco,Vehicle Designer,data/AUTOMOBILE/23009962.pdf,2004-02-23,"Jl. Duku No. 70, Serang",081288899900
564,2,MOH4MM4D,NUGR4H4,Commis Chef,data/CHEF/11432686.pdf,2004-03-22,"Jl. Melati No. 45, Bandung",082123456781
565,53,Al4nd,Muli4,,data/CONSTRUCTION/12491898.pdf,2004-06-12,"Jl. Belimbing No. 90, Blora",081233445566
566,13,4riel,Herfris0n,Flight Dispatcher,data/AVIATION/10176815.pdf,2003-11-23,"Jl. Mangga No. 55, Tangerang",081276543219
567,47,RaD3n,FrAnC1sco,Agronomist,data/AGRICULTURE/12674256.pdf,2003-11-19,"Jl. Apel No. 13, Lhokseumawe",081212343434
568,36,H41K4L,455YAUQ1,Client Acquisition Manager,data/BUSINESS-DEVELOPMENT/12059198.pdf,2004-03-30,"Jl. Srikaya No. 34, Pangkalpinang",082187654321
569,48,RaDen,FrAnC1SCo,Customer Retention Specialist,data/BPO/13964744.pdf,2003-03-09,"Jl. Pisang No. 7, Sibolga",082199998877
570,65,Ahm4d,r4f1,Electrical Engineer,data/ENGINEERING/12488356.pdf,2004-02-12,"Jl. Meranti No. 18, Tidore",081233498765
571,52,AL4ND,MUL1A,,data/BANKING/17131084.pdf,2003-10-21,"Jl. Waru No. 8, Salatiga",082134556677
572,67,4hmad,Rafi,Risk Consultant,data/CONSULTANT/12374933.pdf,2003-11-03,"Jl. Teratai No. 9, Langsa",081287654398
573,32,HA1K4L,ASSY4UQ1,Graphic Designer,data/DESIGNER/11807040.pdf,2004-07-22,"Jl. Sukun No. 19, Pekanbaru",082122334456
574,60,Aland,MuL1A,Market Research Analyst,data/BUSINESS-DEVELOPMENT/12632728.pdf,2003-11-11,"Jl. Rambutan No. 67, Bau-Bau",082165432198
575,55,4l4nd,muli4,Nutritionist,data/FITNESS/12938389.pdf,2003-09-29,"Jl. Pinang No. 99, Bangkalan",081223334455
576,48,RaDen,FrAnC1SCo,Wellness Coach,data/FITNESS/10268614.pdf,2003-03-09,"Jl. Pisang No. 7, Sibolga",082199998877
577,12,AR13L,H3RFR1S0N,Quality Assurance Inspector,data/APPAREL/12059610.pdf,2003-08-03,"Jl. Sawo No. 11, Depok",082154321789
578,64,4Hmad,RAFI,Customer Support Executive,data/BPO/18589927.pdf,2003-07-04,"Jl. Flamboyan No. 34, Tual",082134598721
579,64,4Hmad,RAFI,Packaging Designer,data/DESIGNER/12674307.pdf,2003-07-04,"Jl. Flamboyan No. 34, Tual",082134598721
580,24,Farh4n,N4FIS,Frontend Developer,data/INFORMATION-TECHNOLOGY/11957080.pdf,2004-01-30,"Jl. Anyelir No. 1, Kediri",082134987621
581,11,Ari3l,H3rfri50n,Curriculum Developer,data/TEACHER/10909720.pdf,2004-03-14,"Jl. Jeruk No. 2, Bekasi",081223498761
582,9,m0H4mmad,nug9ah4,Tax Consultant,data/FINANCE/10549585.pdf,2004-04-19,"Jl. Jambu No. 25, Malang",082198765432
583,32,HA1K4L,ASSY4UQ1,High School Teacher,data/TEACHER/10504237.pdf,2004-07-22,"Jl. Sukun No. 19, Pekanbaru",082122334456
584,34,H41k4L,Assyauqi,Reconciliation Officer,data/ACCOUNTANT/13491889.pdf,2003-09-14,"Jl. Pepaya No. 77, Cianjur",082198772112
585,66,4HMaD,RAF1,Agronomist,data/AGRICULTURE/16507693.pdf,2003-05-15,"Jl. Salak No. 6, Sorong",082177712345
586,18,Ari3L,HerfR150n,,data/BPO/27710853.pdf,2003-10-06,"Jl. Kedondong No. 70, Solo",082198123456
587,72,IKHW4N,ALH4KIM,,data/ACCOUNTANT/12338274.pdf,2003-10-25,"Jl. Delima No. 2, Tebing Tinggi",082167891234
588,29,f4rh4n,naf15,,data/BPO/69097572.pdf,2004-02-20,"Jl. Cemara No. 89, Kupang",081299887766
589,6,MoH4mM4d,NugR4h4,Flight Dispatcher,data/AVIATION/10395944.pdf,2003-12-30,"Jl. Anggrek No. 18, Medan",082143256789
590,34,H41k4L,Assyauqi,Digital Marketing Analyst,data/DIGITAL-MEDIA/15353911.pdf,2003-09-14,"Jl. Pepaya No. 77, Cianjur",082198772112
591,74,1KHWAN,4lH4KIM,Ramp Agent,data/AVIATION/12043694.pdf,2003-09-20,"Jl. Tanjung No. 15, Tanjungpinang",082123456781
592,12,AR13L,H3RFR1S0N,Market Research Analyst,data/BUSINESS-DEVELOPMENT/11289482.pdf,2003-08-03,"Jl. Sawo No. 11, Depok",082154321789
593,44,R4d3N,Fr4nc15co,Sports Therapist,data/FITNESS/12092347.pdf,2003-12-25,"Jl. Jeruk No. 4, Sukabumi",082144478512
594,35,ha1k4l,455yauqi,Market Research Analyst,data/BUSINESS-DEVELOPMENT/10289113.pdf,2003-01-01,"Jl. Sawo No. 21, Banjar",081212121212
595,14,AR1EL,H3RFR1S0N,Electrical Engineer,data/ENGINEERING/10712803.pdf,2003-02-09,"Jl. Rambutan No. 88, Bogor",082199876543
596,33,Haikal,Assy4uqi,Business Development Representative,data/SALES/10138632.pdf,2003-12-03,"Jl. Nanas No. 33, Tegal",081267845129
597,51,4l4nd,MuL14,Sales Consultant,data/SALES/13178604.pdf,2003-07-10,"Jl. Lontar No. 13, Pematangsiantar",081234559999
598,12,AR13L,H3RFR1S0N,Cost Accountant,data/ACCOUNTANT/10554236.pdf,2003-08-03,"Jl. Sawo No. 11, Depok",082154321789
599,20,ARI3L,h3rfri50n,Inside Sales Representative,data/SALES/13812481.pdf,2004-04-28,"Jl. Salak No. 31, Pontianak",082123987654
600,58,AlaND,MULIA,Agricultural Engineer,data/AGRICULTURE/10953078.pdf,2003-12-07,"Jl. Duku No. 5, Bima",082134567812
